Country Name,Country Code,1960,1961,1962,1963,1964,1965,1966,1967,1968,1969,1970,1971,1972,1973,1974,1975,1976,1977,1978,1979,1980,1981,1982,1983,1984,1985,1986,1987,1988,1989,1990,1991,1992,1993,1994,1995,1996,1997,1998,1999,2000,2001,2002,2003,2004,2005,2006,2007,2008,2009,2010,2011,2012,2013,2014,2015,2016,2017,2018,2019,2020
Aruba,ABW,,,,,,,,,,,,,,,,,,,,,,,,,,,,,,,66.88558572,70.63928959,73.31833761,77.20166069,82.06779536,84.83400312,87.61673873,90.86345431,96.83240842,98.96260328,100,105.6290576,110.4113871,112.7279411,115.1752236,119.0137774,122.5190838,129.8087328,136.393772,138.7493924,137.8099839,142.0921544,143.2133838,147.9203575,150.8839129,151.5476875,149.4692337,151.8817441,151.8817441,151.8817441,151.8817441
Africa Eastern and Southern,AFE,,,,,,,,,,,,,,,,,,,,,,,,,,,,,,,,,,,,,,,,,,,,,,,,,,,,,,,,,,,,,
Afghanistan,AFG,,,,,,,,,,,,,,,,,,,,,,,,,,,,,,,,,,,,,,,,,,,40.31944307,45.01877021,50.09303031,55.55956927,59.55972008,72.97718861,74.50700121,72.89511344,75.67579254,88.23293919,94.67549354,99.24148949,99.8041337,102.2469027,100,102.4036562,104.5247929,111.3413562,120.0501064
Africa Western and Central,AFW,,,,,,,,,,,,,,,,,,,,,,,,,,,,,,,,,,,,,,,,,,,,,,,,,,,,,,,,,,,,,
Angola,AGO,,,,,,,,,,,,,,,,,,,,,,,,,,,,,,,8.29E-08,1.71E-07,9.86E-07,1.00E-05,0.000228303,0.004395968,0.215425788,0.421056214,0.586781196,3.858092895,19.98565391,41.24082164,100.000002,193.9268583,258.7763461,368.4342735,431.503212,450.0941634,537.2770455,447.2235991,591.513327,779.4462746,836.0003277,859.7409736,890.354809,859.0286866,1046.075655,1282.640554,1655.452274,2120.480028,2319.491774
Albania,ALB,,,,,,,,,,,,,,,,,,,,,,,,,,,,,,,3.119199824,4.226960153,14.07512885,31.76064284,43.14444338,47.38938257,54.30870662,60.41281217,64.47911392,65.83501296,69.55302653,72.20359317,74.8372021,78.72771531,81.20950334,83.89495394,85.97402936,89.74546017,93.44035744,95.70005929,100,102.3147438,103.3815946,103.6801048,105.2870604,105.8808703,105.2110114,106.7376891,108.3099973,109.6324726,109.1417039
Andorra,AND,,,,,,,,,,,,,,,,,,,,,,,,,,,,,,,43.29828395,46.30108418,49.40824297,51.65000965,53.65395685,56.30077149,56.7495887,58.01406051,58.88401258,60.49271175,77.8792565,80.27835439,82.87899719,85.51246424,88.11411598,91.10656134,94.25628289,97.28306641,99.49561247,99.62708212,100,100.1967642,100.3716645,100.8218236,100.7371138,101.4025721,101.7552455,102.9117034,103.9536622,105.3827689,106.4978193
Arab World,ARB,,,,,,,,,,,,,,,,,,,,,,,,,,,,,,,,,,,,,,,,,,,,,,,,,,,,,,,,,,,,,
United Arab Emirates,ARE,,,,,,,,,,,,,,,,,,,,,,,,,,,,,,,40.2993652,40.62613209,41.36017566,41.88877372,41.77882619,43.41132537,45.91748024,45.48020775,43.54527718,47.2219693,52.63338777,51.39686756,53.33496097,55.50697754,60.22585997,70.17897044,78.57388365,88.42230333,104.809921,88.89665179,99.99996054,113.1672106,115.7004023,114.6973988,113.5218666,95.99194943,92.92666305,98.03310702,106.0782305,101.3640746,92.88663488
Argentina,ARG,,,,,,,,,,,,,,,,,,,,,,,,,,,,,,,21.37371925,51.40430321,59.66599949,57.54123623,59.18078152,61.05392628,61.02194898,60.73886015,59.70309274,58.60661058,59.21452939,58.5656757,76.46053741,84.48560835,99.9999999,110.3175111,125.4762982,144.2223631,177.6403647,204.9572772,247.8243464,306.5673214,374.9774534,464.7800478,652.0072626,825.3107382,1164.673397,1467.562778,2084.433257,3145.857912,4400.778931
Armenia,ARM,,,,,,,,,,,,,,,,,,,,,,,,,,,,,,,0.00192948,0.00346122,0.02314889,0.345188503,14.52310475,37.92910932,45.3600933,53.40515695,59.11870647,59.15051475,58.33797832,60.68781429,62.11846823,64.97499576,69.05451201,71.27030327,74.56157479,77.75122616,82.40818434,84.46612526,91.0280582,94.92547003,100,103.3668246,105.7537532,107.0375085,107.3249846,109.6331606,112.6894147,113.8902586,116.1937359
American Samoa,ASM,,,,,,,,,,,,,,,,,,,,,,,,,,,,,,,,,,,,,,,,,,,70.62068966,71.58469945,69.25170068,68.30601093,70.22792023,72.44755245,80.45977011,101.1994003,85.65022422,85.20179372,100,102.2435897,101.2598425,102.7480916,104.1925466,102.1702838,103.902439,105.8823529,111.4779874
Antigua and Barbuda,ATG,,,,,,,,,,,,,,,,,,,,,,,,,,,,,,,76.26534585,78.25312719,80.17917093,81.63300683,84.28166158,86.30725629,88.87678247,90.5008177,92.41030081,93.80035057,92.67974562,94.05380471,94.7138765,93.89471376,95.34023896,99.59397965,100,103.7341302,108.2783773,110.2673822,111.8920147,113.0281833,115.3291115,114.2374702,116.4211238,119.9341355,122.1813073,121.0451895,123.8931605,124.1509537,126.3173708
Australia,AUS,,,,,,,,,,,,,,,,,,,,,,,,,,,,,,,48.26087683,49.72945589,50.47737522,50.92736323,51.44755441,52.61576852,54.05005271,54.73494353,55.38575856,55.65580603,57.07949373,59.71491104,61.40831815,63.25511079,65.30768311,67.79391461,71.26529161,74.81603511,78.26848354,82.1727804,83.13040837,88.29013053,89.86975571,89.73262207,91.02640903,90.46519262,89.92461006,93.29236767,94.99976288,98.24760139,100
Austria,AUT,,,,,,,,,,,,,,,,,,,,,,,,,,,,,,,63.42212272,65.73187495,68.0187482,69.89408266,71.65886814,72.95870139,73.67822412,74.61172393,74.94143704,75.13354918,76.15840153,77.64128588,78.53074108,79.55757181,80.94164989,82.99578235,84.56619623,86.44456017,88.13569436,89.80081047,90.5848209,92.24561228,94.14055457,95.6692918,97.75077551,100,101.8482947,102.8724141,104.7261035,106.4253782,108.8862996
Azerbaijan,AZE,,,,,,,,,,,,,,,,,,,,,,,,,,,,,,,0.002554933,0.004689567,0.054648898,0.462944215,6.879663,44.41898149,56.15410455,61.34415024,60.75209652,62.06564391,69.81936419,71.57532816,74.59178889,79.78447025,87.16610198,100,111.3012191,134.7071183,172.1253334,139.6883882,158.6103212,194.3362831,199.9388679,200.8287246,198.2480841,180.7037383,207.2155072,240.7272284,270.059545,269.4078701,248.9810339
Burundi,BDI,,,,,,,,,,,,,,,,,,,,,,,,,,,,,,,17.98148899,18.71749665,19.72857103,21.25608438,22.66715795,26.31718506,30.12083713,39.87932246,44.44572662,51.09220291,57.82556042,65.75714952,66.43304002,74.36896399,84.14562649,100,102.8456663,111.3544704,138.3198437,152.7864324,165.8673219,179.7408754,205.4302316,221.7731498,233.5378906,283.3609636,286.0825611,318.8366483,309.7470711,312.2939572,349.4507261
Belgium,BEL,,,,,,,,,,,,,,,,,,,,,,,,,,,,,,,64.3109981,66.16098402,68.42668316,71.15911932,72.64940815,73.53629003,73.8867785,74.44656277,75.7908023,76.24471173,77.78075095,79.3229898,80.62389301,82.11550653,83.68801105,85.43129443,87.36606306,89.05373174,90.75362983,91.23750949,92.9637942,94.64392836,96.50000875,97.72677298,98.68708077,100,101.9208507,103.7862803,105.3627109,107.2108472,108.5879966
Benin,BEN,,,,,,,,,,,,,,,,,,,,,,,,,,,,,,,23.06372514,23.23822993,23.94121764,24.51061684,32.72264818,37.6635887,40.26512338,41.74185047,43.9256191,65.16038057,67.98902897,69.328607,71.79269354,73.9907734,74.56028852,77.76165689,79.39023255,79.69997611,84.82799388,86.98236371,87.74857888,91.0243062,98.03218386,99.40198599,99.15568512,100,100.6835911,100.3131846,100.9857265,100.5842532,103.4791005
Burkina Faso,BFA,,,,,,,,,,,,,,,,,,,,,,,,,,,,,,,46.9449485,45.08227587,45.18463951,44.5331494,51.05234017,54.50836358,54.69843705,55.54965405,59.96047214,70.38809262,69.81106991,72.57667239,74.79533117,75.905839,75.97464657,78.81563141,78.29322027,80.2445607,87.59480232,89.70189956,93.09228936,99.36485229,105.1518608,102.9129977,102.2745389,100,102.6042992,104.0574811,105.175024,106.8758029,114.1807797
Bangladesh,BGD,,,,,,,,,,,,,,,,,,,,,,,,,,,,,,,53.19034499,54.64219247,56.05314235,56.14031517,58.36696151,62.53724513,65.18538704,67.66258311,70.86722687,73.54674346,76.08164917,78.56279358,81.62113899,86.36807478,90.30830414,94.45016871,100,106.4712601,114.8409298,122.6091776,131.3691901,141.6940871,153.2628052,164.2593401,173.5708547,183.7642841,196.1276739,208.4419281,220.1092292,229.9237941,239.3271556
Bulgaria,BGR,,,,,,,,,,,,,,,,,,,,,,,,,,,,,,,0.066654126,0.217650958,0.347324459,0.524776184,0.906314544,2.138646643,3.485274199,35.31320642,47.30239932,48.87242712,52.47962881,55.69019442,57.83336449,59.0995773,62.39825487,66.51295218,71.00688435,78.85156678,85.23894129,88.59567431,89.27275204,94.72997743,95.78350437,95.85243211,97.13756419,100,103.3220819,108.2921721,112.8758055,118.7869072,123.7790686
Bahrain,BHR,,,,,,,,,,,,,,,,,,,,,,,,,,,,,,,47.55559915,46.66035317,45.01200513,43.65002525,46.85009131,47.36107049,47.4542401,47.89637843,44.51613436,45.69867597,59.40429226,57.40603409,59.36607676,64.47309138,71.55938341,81.3880417,88.58472778,96.05741004,106.974423,93.07422935,100,109.7367535,113.0450597,113.479311,111.5832045,101.2560038,101.5063884,107.1092217,111.7496611,111.8701929,105.9002567
"Bahamas, The",BHS,,,,,,,,,,,,,,,,,,,,,,,,,,,,,,,72.62010814,74.47666999,77.3854048,76.72609396,78.40130612,79.03042587,79.80827776,81.34672179,83.82714604,84.01484587,84.78939379,85.08953308,88.4597279,89.48097698,90.54994359,95.12891457,95.91652215,98.74349134,100.213253,99.17505329,98.7859952,97.93760564,99.99981344,101.5313976,105.391939,110.7039447,111.5519097,113.128227,114.3404259,116.43142,102.5039626
Bosnia and Herzegovina,BIH,,,,,,,,,,,,,,,,,,,,,,,,,,,,,,,,,,,54.48652801,59.30718717,49.19130059,55.5918179,54.71239684,59.28401649,62.77747016,65.74440742,69.03679932,70.01081319,71.52442685,75.95108496,81.87536625,86.94964902,93.32771125,93.50080293,94.8156988,97.12211721,97.89498905,97.67558496,98.65267014,99.9999965,101.4069593,103.1271861,105.9606773,108.7487197,108.9804026
Belarus,BLR,,,,,,,,,,,,,,,,,,,,,,,,,,,,,,,1.07E-06,2.25E-06,2.55E-05,0.000295224,0.006039537,0.045991319,0.070695246,0.121348089,0.214276998,0.893092459,2.54791027,4.574379812,6.62798994,8.661809962,10.62588598,12.64184613,14.00066958,15.8029341,19.15529524,20.92881925,23.29178229,39.83798997,69.82698075,84.67030847,100,116.0224938,125.700994,136.540376,153.1153262,166.324176,183.1241863
Belize,BLZ,,,,,,,,,,,,,,,,,,,,,,,,,,,,,,,88.76764628,85.94468065,89.43062104,90.90764223,94.17665959,99.87648702,101.8399226,100.3344492,101.8226692,99.52630991,100,99.69366049,101.4196091,98.61462367,100.5950049,103.4831553,108.3928544,113.2751994,116.3192546,113.1440773,114.8369669,119.5171121,121.6517559,124.5543356,126.3850719,127.1519509,132.1885408,134.8568499,135.0937658,137.3696328,131.8517967
Bermuda,BMU,,,,,,,,,,,,,,,,,,,,,,,,,,,,,,,37.37165623,39.77487466,40.89409234,43.01907393,43.86206193,45.69482218,59.11296854,61.49161711,63.17744122,64.89090895,62.14189894,61.29105471,66.55009829,68.42996522,71.64079676,76.48541591,80.59818969,85.8974359,90.28586211,91.22807018,93.26813235,92.1943774,98.36974459,100,103.0118909,106.0528226,110.6907287,110.5857565,112.3417952,115.8487846,113.095002
Bolivia,BOL,,,,,,,,,,,,,,,,,,,,,,,,,,,,,,,100,117.6894369,133.22351,141.9591879,153.248072,170.7601673,190.5345464,201.4046233,215.6059255,220.8053948,232.2771357,236.6209337,243.2954387,258.6960184,279.3081668,295.901294,336.3322981,361.1312736,398.620971,388.9747584,423.1170528,484.9021042,519.3314886,550.4674291,561.7492456,535.7930471,528.533745,560.5702892,577.7028078,573.6993076,562.7481961
Brazil,BRA,,,,,,,,,,,,,,,,,,,,,,,,,,,,,,,0.000551867,0.002851377,0.030481589,0.638939938,14.95227353,29.00412759,34.35720008,37.01267612,38.83531413,41.9462173,44.29774957,47.94128126,52.6386218,60.05594133,64.71151439,69.52037247,74.22987307,79.00956287,85.945459,92.23106532,100,108.3185922,116.9224755,125.6969981,135.5600767,145.8167894,157.6332051,163.4205262,170.7638836,178.0734404,186.6305787
Barbados,BRB,,,,,,,,,,,,,,,,,,,,,,,,,,,,,,,53.86663117,56.28808864,57.48274343,60.46918257,61.80545636,62.43349202,64.01831403,64.60529699,70.22806148,73.34156887,72.37137788,74.00363416,74.67548077,75.50876367,79.90952326,85.23767016,88.87366979,96.37113402,97.97297297,96.32226057,100,103.5115013,102.92476,105.9103261,106.4845256,104.3487883,104.30839,106.9962386,109.9664901,112.7232195,118.0021368
Brunei Darussalam,BRN,,,,,,,,,,,,,,,,,,,,,,,,,,,,,,,48.78109976,47.39704297,48.21553082,46.79245448,42.69173853,43.91827112,45.88965507,49.82921468,44.02482195,49.12904945,63.38419156,59.83981219,60.06373846,63.73039609,73.85471175,87.71452266,96.52783359,97.60937747,109.9986722,85.69840738,100,120.1805054,121.6451485,118.2131481,116.0303929,95.59418819,86.8302453,91.13154673,99.53173692,96.21158912,85.75939341
Bhutan,BTN,,,,,,,,,,,,,,,,,,,,,,,,,,,,,,,41.45361978,45.16010581,49.18987271,53.3776283,59.96509757,64.93283578,70.20059832,79.26130169,87.73930231,93.15304439,99.99997589,105.3587506,110.3687906,113.7528613,117.9673421,124.9306894,131.7017591,135.5914931,143.063222,149.8677181,158.6414407,172.1423019,187.9448442,198.9769118,212.7480262,220.3156185,229.9729582,241.7128963,245.9654255,248.1767873,265.1841129
Botswana,BWA,,,,,,,,,,,,,,,,,,,,,,,,,,,,,,,12.87724386,13.54399021,14.44321374,16.33017634,17.87563236,19.15468656,22.24092708,23.35088467,25.67833061,29.3336945,33.49056264,36.27457453,36.7052882,37.9015445,41.72156105,48.17659855,51.77689889,54.32826103,56.89765825,60.57468409,65.97794707,75.18719986,75.3329081,77.07245382,86.24724105,89.53856189,100,97.35258239,97.02947745,97.46189013,102.9699449
Central African Republic,CAF,,,,,,,,,,,,,,,,,,,,,,,,,,,,,,,68.37153201,68.10500911,70.00013111,67.59701239,84.09918014,92.42329669,89.14869702,89.88273045,89.51047745,93.16672578,101.0920475,101.5226376,99.11464074,100.4392273,95.97994058,100,103.3340459,105.2335651,112.6810189,113.482889,118.2620045,123.0032643,130.6061406,133.8549511,149.7753957,153.8317074,158.4160678,168.6239339,166.5597794,170.5261479,178.1
Canada,CAN,,,,,,,,,,,,,,,,,,,,,,,,,,,,,,,,,,,,,,75.95050924,76.62526395,78.97868261,82.60683034,84.29533539,85.00635282,86.07392408,88.17789232,89.37992216,90.33244694,89.10638751,92.65615307,90.51438258,93.09399402,96.10536039,97.27007812,98.96009514,100.8844719,100,100.75403,103.3383677,105.1537527,106.9125325,107.7412647
Central Europe and the Baltics,CEB,,,,,,,,,,,,,,,,,,,,,,,,,,,,,,,,,,,,,,,,,,,,,,,,,,,,,,,,,,,,,
Switzerland,CHE,,,,,,,,,,,,,,,,,,,,,,,,,,,,,,,81.44521734,85.85067452,87.67468803,89.71051531,90.77303518,91.44272006,91.70002231,91.26066864,91.0807894,91.11706899,92.35338877,93.25385215,93.01204008,94.11380415,94.40310152,95.28521304,97.34090959,99.65716579,101.1189369,101.5413376,101.8810229,101.8475418,101.8437072,101.819969,101.2188686,100,99.40328011,99.03070023,99.77185412,99.66635081,99.16516036
Channel Islands,CHI,,,,,,,,,,,,,,,,,,,,,,,,,,,,,,,,,,,,,,,72.49719785,75.33157075,78.26371473,80.84769735,84.39103005,88.0651754,91.40951326,93.69905617,96.77138413,100,,,,,,,,,,,,,
Chile,CHL,,,,,,,,,,,,,,,,,,,,,,,,,,,,,,,23.62539696,28.67910144,32.54056378,36.49893453,41.77813492,46.6581211,48.23113515,49.70779491,50.22601732,51.37089051,53.56537234,55.63347846,57.52060665,60.15439329,64.87620159,69.83461744,78.32804834,82.50921429,82.46512215,86.30367979,94.03846909,96.9657991,98.06166867,100,105.9063491,111.1524604,116.1208856,121.6741351,124.5463545,126.9748556,137.5881374
China,CHN,,,,,,,,,,,,,,,,,,,,,,,,,,,,,,,29.49810749,31.47876882,34.05698167,39.22882877,47.316632,53.78277928,57.28227986,58.20828729,57.68426623,56.95567995,58.13055751,59.32051877,59.67768707,61.23120332,65.4879921,68.04447583,70.71627579,76.19656546,82.13635141,81.96424835,87.60451995,94.67918456,96.88636235,98.98237288,100.0029442,100,101.407346,105.6995965,109.3988156,110.8072729,111.5000336
Cote d'Ivoire,CIV,,,,,,,,,,,,,,,,,,,,,,,,,,,,,,,32.50907311,32.72476732,32.71696667,34.73043237,50.84051484,56.45523446,59.26844654,61.59264338,64.91086168,64.40721056,65.43838113,69.9379038,73.14255461,75.54025583,73.64921315,74.60761425,75.6219333,77.95755411,82.14616164,83.13830597,84.39886387,89.2174655,88.85693919,91.41311379,69.1023397,100,97.90963855,96.11044943,96.72060077,96.91451796,97.85899373
Cameroon,CMR,,,,,,,,,,,,,,,,,,,,,,,,,,,,,,,41.27727828,42.75034609,42.2041373,59.00148227,64.67667867,67.90585065,68.18464429,72.38741693,73.1589726,72.33976298,73.44769199,75.26137912,77.3495007,78.86007028,78.97007048,80.04180644,81.88250784,82.28431189,86.3495986,89.4612195,90.07688006,92.40901033,94.20385702,97.08033333,99.03573767,99.34254214,100,101.0251412,102.9415796,104.1457612,104.7185629
"Congo, Dem. Rep.",COD,,,,,,,,,,,,,,,,,,,,,,,,,,,,,,,2.68E-10,6.52E-09,2.58E-07,4.54E-06,0.001218579,0.006902121,0.050950685,0.149103528,0.189265125,1.025632428,28.00102347,48.4584904,63.82926247,72.39224751,77.00034581,100,113.3252254,136.2979088,164.1917073,217.8133188,263.0887034,299.3730032,317.1557363,325.945046,329.1837359,325.3787716,339.5302393,485.7613629,630.6926173,655.9589742,700.1463107
"Congo, Rep.",COG,,,,,,,,,,,,,,,,,,,,,,,,,,,,,,,33.36342831,32.86943748,32.35362778,31.98776371,43.74417073,45.22969193,53.36738374,56.01681695,45.80938234,59.25688316,87.13137022,74.99814554,73.69398212,70.56085526,82.42018635,100,111.3803018,118.8874646,138.229508,108.9729104,141.0302166,156.4777153,174.2599841,172.3351742,161.0301421,132.6973531,128.135692,142.5555415,176.4995534,173.8051238,148.1906959
Colombia,COL,,,,,,,,,,,,,,,,,,,,,,,,,,,,,,,8.747981706,11.11044188,13.6285552,17.0141034,20.77360405,24.68962727,28.85436712,33.7134001,38.69389601,43.57820361,48.43860008,51.59604518,54.67539548,58.40918636,62.66314691,65.64164917,69.45389355,73.06690857,78.67653493,81.8741267,84.98932283,90.41742377,93.6875101,95.47476465,97.6092294,100,105.1483343,110.5463721,115.6653099,120.3043211,121.9968879
Comoros,COM,,,,,,,,,,,,,,,,,,,,,,,,,,,,,,,53.49632501,57.8396409,53.92706144,55.45472002,60.67684623,65.72575113,67.82812096,68.45510142,69.37695503,73.40869994,75.92400901,82.47623883,85.91603897,90.30792012,93.36787912,93.66281113,96.57643986,100,103.1092199,104.1669113,105.8892482,109.160068,113.7865873,115.7430501,116.7171594,116.1427293,118.1342949,118.6098479,120.7870447,125.6187375,127.7072104
Cabo Verde,CPV,,,,,,,,,,,,,,,,,,,,,,,,,,,,,,,80.16639899,84.00830871,80.550657,120.3056982,85.2095638,83.89145765,88.72939247,87.98824346,87.69261133,94.36784148,93.23455137,98.04110488,97.68501082,102.4921877,96.00182172,94.27870116,98.65301692,100,103.5459326,105.7976644,106.3320336,109.1779158,109.7816653,111.3497986,111.1863658,113.116857,112.8547802,113.6280029,115.3594977,116.0089493,115.008848
Costa Rica,CRI,,,,,,,,,,,,,,,,,,,,,,,,,,,,,,,4.948698526,8.154202488,9.762933121,10.78175105,12.47130291,15.1197392,17.39904999,19.9532119,22.33526523,24.79872691,27.12725633,29.76428007,32.67727631,36.15683014,40.9838933,46.31726072,52.33123766,57.83480191,64.44172579,70.69343085,75.37958871,78.84194293,82.57403117,86.36435399,91.72492072,95.3528389,97.22057675,100,102.1924784,104.4188626,104.6323277
Caribbean small states,CSS,,,,,,,,,,,,,,,,,,,,,,,,,,,,,,,,,,,,,,,,,,,,,,,,,,,,,,,,,,,,,
Cuba,CUB,,,,,,,,,,,,,,,,,,,,,,,,,,,,,,,65.28924312,60.46577604,62.73065552,74.63410594,94.24946534,104.153828,101.3712368,100.0001025,101.299209,105.1375332,106.9681497,107.4547897,112.3259041,115.6659267,116.3668374,116.8091254,128.9170467,133.5448793,133.0847737,133.928764,135.5386528,141.3990285,145.5194779,149.3871386,154.5607849,159.8770642,166.7944505,173.6583529,175.4493643,181.672551,211.7479979
Curacao,CUW,,,,,,,,,,,,,,,,,,,,,,,,,,,,,,,,,,,,,,,,,100,101.7899978,102.2073382,103.8630988,105.2964088,109.6135614,113.0444674,116.4357988,124.4698704,126.710327,130.2328748,133.2712077,137.5145614,139.3466692,141.435058,140.7519288,140.8183602,143.0510372,146.7483694,150.6448368,154.4994301
Cayman Islands,CYM,,,,,,,,,,,,,,,,,,,,,,,,,,,,,,,,,,,,,,,,,,,,,,,90.65072291,93.43628232,96.28396559,96.87165959,96.67171083,96.22658305,97.44039784,98.78332464,99.65926441,100,101.0000898,103.0067604,105.6753056,109.4047137,110.4984823
Cyprus,CYP,,,,,,,,,,,,,,,,,,,,,,,,,,,,,,,48.83957436,50.73846002,53.80376436,56.38803071,59.36023385,67.43192379,69.2128084,70.7610348,72.15197011,73.8129027,75.8378903,78.61378819,78.84680353,83.09481226,85.34607357,87.06963336,89.75680253,93.47112614,97.89683452,98.15441976,100,101.6171066,103.3194676,102.342164,100.9771462,100.2157299,99.64223348,100.6769611,101.6876234,102.8294712,101.6110745
Czech Republic,CZE,,,,,,,,,,,,,,,,,,,,,,,,,,,,,,,24.74184981,33.69651618,37.86048316,45.81451745,51.46892991,56.0090664,61.55681703,66.67311628,73.21239131,75.4393631,76.82905706,80.58544858,82.78087777,83.85100491,87.2461701,87.32900534,87.90022901,91.01223272,92.84119747,95.24376118,93.88623853,93.86692429,95.22885927,96.52845203,99.01747322,100,101.1414506,102.463313,105.0946678,109.1826108,113.9812058
Germany,DEU,,,,,,,,,,,,,,,,,,,,,,,,,,,,,,,69.33226503,71.4712207,75.26362421,78.18661043,79.79069321,81.37160588,81.86169038,82.08502244,82.65014942,82.93375112,82.52788246,83.60486713,84.75704739,85.87690287,86.83494205,87.1868036,87.53318034,89.08275678,89.89281339,91.5485416,92.13928216,93.1246968,94.5182975,96.37028116,98.18005707,100,101.3277522,102.8514571,104.8824825,107.0378768,108.7470819
Djibouti,DJI,,,,,,,,,,,,,,,,,,,,,,,,,,,,,,,,,,,,,,,,,,,,,,,,,,,,,,100,101.2623044,103.1792525,103.6405549,103.9137398,104.9597696,107.4715748,108.8593931
Dominica,DMA,,,,,,,,,,,,,,,,,,,,,,,,,,,,,,,69.07722477,74.36213548,77.62431059,79.70441739,85.7934579,86.46602192,89.28909264,90.57920235,92.88001638,95.23581575,95.80646534,97.80340297,98.57662554,95.50175149,99.12318413,97.68765458,100,101.5250486,103.0564302,111.3049782,111.6355203,113.5169381,111.2902542,115.2594065,115.2034121,123.0615565,127.8700112,123.7718146,128.2615823,132.4246507,130.9245831
Denmark,DNK,,,,,,,,,,,,,,,,,,,,,,,,,,,,,,,62.94867941,64.62276979,65.6928654,66.07383002,67.10821739,67.96880688,69.33782346,70.73423145,71.60577823,72.81215925,75.00961149,76.89866422,78.70397376,79.87023271,81.5440996,83.91411693,85.65632468,87.73972683,91.36749515,91.85084953,94.81218786,95.4176997,97.68404528,98.55164653,99.56880653,100,100.2545952,101.4422729,102.2009158,102.959352,105.6496374
Dominican Republic,DOM,,,,,,,,,,,,,,,,,,,,,,,,,,,,,,,13.39927133,21.20412657,22.38483384,23.50044092,25.8824164,28.38068713,29.42218366,32.20297216,34.2976793,35.61270528,38.1795846,40.48591359,43.2878096,57.77257762,83.86631915,88.71484227,94.60661209,100,110.3916875,114.2533505,120.4726326,130.1836366,136.8206347,143.2413797,149.4312536,153.1250238,156.1778444,162.7082258,169.4142285,173.6929859,181.8973811
Algeria,DZA,,,,,,,,,,,,,,,,,,,,,,,,,,,,,,,6.391361884,9.829186229,11.98434486,13.6171429,17.57668768,22.59958432,28.02843478,29.99097543,29.05193139,32.20590676,39.50956526,39.3225262,39.84175179,43.16086201,48.44704553,56.25930139,62.19280353,66.17024307,76.30129173,67.78483497,78.71173742,93.05932256,100,99.90669562,99.60639564,93.17615495,94.61934229,100.6661377,107.574791,107.0713142,101.1733041
East Asia & Pacific (excluding high income),EAP,,,,,,,,,,,,,,,,,,,,,,,,,,,,,,,,,,,,,,,,,,,,,,,,,,,,,,,,,,,,,
Early-demographic dividend,EAR,,,,,,,,,,,,,,,,,,,,,,,,,,,,,,,,,,,,,,,,,,,,,,,,,,,,,,,,,,,,,
East Asia & Pacific,EAS,,,,,,,,,,,,,,,,,,,,,,,,,,,,,,,,,,,,,,,,,,,,,,,,,,,,,,,,,,,,,
Europe & Central Asia (excluding high income),ECA,,,,,,,,,,,,,,,,,,,,,,,,,,,,,,,,,,,,,,,,,,,,,,,,,,,,,,,,,,,,,
Europe & Central Asia,ECS,,,,,,,,,,,,,,,,,,,,,,,,,,,,,,,,,,,,,,,,,,,,,,,,,,,,,,,,,,,,,
Ecuador,ECU,,,,,,,,,,,,,,,,,,,,,,,,,,,,,,,49.33577642,52.73467612,55.00397022,56.45704909,64.93052914,68.32156059,69.33965761,74.19771401,71.39105249,52.6152108,48.55643831,62.35339991,69.8889794,77.29237981,80.58646178,86.81797998,93.76420914,100,113.8473189,114.5936308,123.148137,130.1215933,136.608484,140.8365836,145.1049222,141.4903285,144.1809748,146.9873107,149.6608241,150.4023187,149.0126098
"Egypt, Arab Rep.",EGY,,,,,,,,,,,,,,,,,,,,,,,,,,,,,,,8.583383427,9.967477281,11.79658718,12.79093394,13.87162352,15.45295274,16.55129724,18.18594927,18.61835322,18.78953695,19.53067276,19.89544711,20.52525322,21.91635094,24.47396901,25.9944705,27.90765774,31.4228337,35.25767144,39.20143318,43.16346897,48.19761415,57.58789625,62.60534225,69.64695606,76.56351847,81.34541792,100,121.4262259,137.9675956,146.550861
Euro area,EMU,,,,,,,,,,,,,,,,,,,,,,,,,,,,,,,,,,,,,,,,,,,,,,,,,,,,,,,,,,,,,
Eritrea,ERI,,,,,,,,,,,,,,,,,,,,,,,,,,,,,,,,,11.98414257,11.81838143,14.43615291,16.06743819,17.52553168,18.20852825,19.86717458,20.32780724,25.40520455,29.23561573,33.95677806,41.38409039,51.6470492,55.58445979,61.91775534,66.4304503,77.1099557,99.86086808,83.65524699,100,,,,,,,,,
Spain,ESP,,,,,,,,,,,,,,,,,,,,,,,,,,,,,,,49.4621358,52.89240402,56.44189209,59.00279699,61.2920122,64.31562676,66.54103021,68.10867104,69.85679177,71.63197233,74.01710554,77.05794023,80.20544867,83.36036625,86.5965514,90.14791398,93.73542713,96.93784846,99.12306798,99.26571132,99.41797368,99.39833788,99.28446939,99.68005799,99.45740415,100,100.3228988,101.6266499,102.8921609,104.2345509,105.3852281
Estonia,EST,,,,,,,,,,,,,,,,,,,,,,,,,,,,,,,,,,,,30.96370437,37.9427637,41.70762412,44.58315822,47.46368389,49.21258132,52.55926964,55.11242185,57.25553115,59.9410843,63.49184404,69.19250971,77.74358865,83.03211449,82.70938382,84.21664018,88.82643739,92.44360592,96.17023878,98.97419107,100,102.1873099,105.8562073,110.1163419,113.6278766,113.2927845
Ethiopia,ETH,,,,,,,,,,,,,,,,,,,,,,,,,,,,,,,8.804538019,10.48482159,12.11334779,13.73373387,14.13628083,15.93248885,15.97058947,16.00359359,15.9795647,16.33474615,17.44550889,16.44146135,15.84604464,17.86926419,18.56819588,20.40190028,22.75879916,26.67799626,34.76454327,43.15893427,43.78239628,52.56596593,70.19732947,73.63838803,81.7251999,90.58138615,99.99997124,106.6768244,119.8858633,135.303661,159.9883145
European Union,EUU,,,,,,,,,,,,,,,,,,,,,,,,,,,,,,,,,,,,,,,,,,,,,,,,,,,,,,,,,,,,,
Fragile and conflict affected situations,FCS,,,,,,,,,,,,,,,,,,,,,,,,,,,,,,,,,,,,,,,,,,,,,,,,,,,,,,,,,,,,,
Finland,FIN,,,,,,,,,,,,,,,,,,,,,,,,,,,,,,,64.70266041,65.68081327,66.26389258,67.43404747,68.67848278,71.56374357,71.50772636,72.99538867,75.25674021,75.9543972,77.19840219,79.74855946,80.50159663,80.65448825,81.14056159,81.89430971,82.6483298,84.92387031,87.50320933,89.05543333,89.34302063,91.68696458,94.41370954,96.82909029,98.40897632,100,100.0874255,100.9074046,102.927782,104.4467645,105.7744675
Fiji,FJI,,,,,,,,,,,,,,,,,,,,,,,,,,,,,,,36.6479472,38.84430692,41.29408994,44.28268571,44.64936319,45.1540861,46.449305,47.97751315,51.55085598,55.0211673,52.4242376,54.12561182,55.8935965,60.19895692,61.5197272,65.60782749,68.06599456,70.12462089,71.63799353,72.63425954,75.70653255,82.81639082,85.77833023,88.88461794,99.99999954,102.5308986,105.2308718,107.0181732,108.5439507,111.1220339,109.1745717
France,FRA,,,,,,,,,,,,,,,,,,,,,,,,,,,,,,,70.3707924,72.16319618,73.58268649,74.77730357,75.46894091,76.31775738,77.3542121,78.03353806,78.77506166,78.93561402,80.16171322,81.77162831,83.462196,85.01406557,86.39356794,88.06644237,89.96456253,92.26462984,94.44860175,94.51153047,95.52251793,96.4280334,97.54835843,98.30738273,98.8745615,100,100.5225593,101.0468622,102.0494739,103.3542705,105.9636032
Faroe Islands,FRO,,,,,,,,,,,,,,,,,,,,,,,,,,,,,,,,,,,,,,,,,,,,,,,,,,,,,,,,,,,,,
"Micronesia, Fed. Sts.",FSM,,,,,,,,,,,,,,,,,,,,,,,,,,,,,,,79.22497309,83.26653307,85.78998073,88.37416481,90.68517689,92.72356885,94.45713278,95.07224064,97.91608602,97.14783878,98.19597285,99.28481579,99.3783251,99.01646342,100,102.0969947,103.5107409,106.7966479,112.1417969,118.1544135,122.4114988,124.3647364,133.222616,134.0711703,138.1253407,130.8732647,136.1708022,146.3442358,160.0806034,160.63286,164.331735
Gabon,GAB,,,,,,,,,,,,,,,,,,,,,,,,,,,,,,,56.48534358,50.06516151,50.17223435,49.91661646,73.15352169,74.13313183,84.18756886,84.98443521,69.86876237,83.27751124,106.6696175,100,100.8558078,100.6368293,108.4515594,130.2443286,143.0970177,149.1519701,179.6967409,147.2173904,171.6029503,193.3643113,187.6757214,176.1187914,174.619333,159.030764,152.2405417,158.0565903,169.3997705,172.0212068,156.2630867
United Kingdom,GBR,,,,,,,,,,,,,,,,,,,,,,,,,,,,,,,52.21171206,55.56322701,57.40847025,58.97746915,59.79939306,66.77798789,69.62362908,69.38061097,70.48834631,71.43451612,72.64235754,73.98698038,75.51365807,77.58055988,79.57442604,82.06979818,84.40743982,86.76790718,89.56926092,91.10646565,92.36027949,94.26967397,95.78919133,97.93372027,99.49122692,100,101.9011066,103.7544497,105.8285374,107.9610916,114.2910425
Georgia,GEO,,,,,,,,,,,,,,,,,,,,,,,,,,,,,,,3.88E-05,6.30E-05,0.000888113,0.138051646,8.478572942,22.27534123,31.86120982,33.94387344,36.29849277,39.82915627,41.69328338,43.93479844,46.53541495,48.12898967,52.18714706,56.32905494,61.08829692,66.86982652,73.2863764,71.72097159,81.89762751,89.03437503,89.44785195,90.6520278,94.48838021,100,102.6193183,111.3327725,116.1881161,122.2210579,131.1203132
Ghana,GHA,,,,,,,,,,,,,,,,,,,,,,,,,,,,,,,0.883384726,1.060427032,1.178665525,1.552976839,2.020872097,2.890763171,4.042377969,4.828950648,5.652212621,6.441892575,8.196027257,11.04971544,13.57110412,17.46660911,19.97309392,22.96181145,25.89831971,30.72262983,36.68597557,42.43340911,49.47550693,56.35993574,64.92962107,100,123.9399605,140.3656795,162.4713364,179.8189056,198.8230306,215.6853569,231.0258781
Gibraltar,GIB,,,,,,,,,,,,,,,,,,,,,,,,,,,,,,,,,,,,,,,,,,,,,,,,,,,,,,,,,,,,,
Guinea,GIN,,,,,,,,,,,,,,,,,,,,,,,,,,,,,,,13.02311442,16.38550942,20.681825,20.8211703,21.11849695,22.37533015,22.72124565,23.04709709,23.8133302,24.82008048,26.38377632,26.84613256,26.96231521,31.25220736,36.41556684,46.39009845,63.82537245,72.51766931,84.63184177,86.13069595,100,108.9992836,121.5516062,126.8140065,130.1313441,133.9992098,141.5955633,156.2599181,167.2904376,183.9355774,207.773045
"Gambia, The",GMB,,,,,,,,,,,,,,,,,,,,,,,,,,,,,,,13.72580183,14.85905086,15.91701528,16.73551954,17.36768648,18.0560114,18.58175049,19.29618008,19.78197406,20.64066045,21.0982603,24.28957853,28.20114252,35.92575697,69.76426846,72.63423462,73.58080687,76.82927066,78.73144498,82.2848355,86.92926386,90.90377717,94.39917304,100,105.2117231,115.4386839,124.4667079,129.3479419,138.3399057,146.9964225,156.1942287
Guinea-Bissau,GNB,,,,,,,,,,,,,,,,,,,,,,,,,,,,,,,5.385117742,9.041309341,14.9164597,22.23430856,27.40366985,39.66134184,55.22195907,74.07373904,80.0550709,89.90670097,92.83832243,99.1227163,100.9037676,95.84664647,94.51746999,100,97.72729571,102.0087582,114.7345615,111.9142048,115.232856,131.4018397,130.284224,129.0697803,128.8784251,144.4752775,153.2830678,162.385931,170.9111837,165.0696735,165.2389025
Equatorial Guinea,GNQ,,,,,,,,,,,,,,,,,,,,,,,,,,,,,,,43.60437569,45.15325219,38.18894982,37.16047732,46.27458484,49.82885892,50.2380517,43.6331678,29.85995915,41.55241018,60.89993675,53.60928412,52.76070797,53.09606659,62.08138837,88.51408391,100,103.0376539,123.4803645,97.75911939,122.1075279,142.9208861,149.8593836,148.2518814,146.3633857,116.8085926,109.4666795,123.4153359,135.1568771,132.1882327,119.85223
Greece,GRC,,,,,,,,,,,,,,,,,,,,,,,,,,,,,,,31.9149849,38.23023969,43.88786185,50.22033069,55.83591211,61.30327283,65.98420674,70.30840321,73.89664023,76.57371893,77.79328582,80.49641004,83.1920501,86.06514969,88.70103409,90.68822071,93.85781249,97.07025283,101.2875507,103.8904084,103.7069218,104.7014898,104.4134116,102.2775056,100.2945958,100,99.42141925,99.7051742,99.54041734,99.78776591,98.95199534
Grenada,GRD,,,,,,,,,,,,,,,,,,,,,,,,,,,,,,,67.21946478,71.70294233,74.57936361,75.98400985,78.40847946,80.80240845,82.96232511,84.44295972,85.91047117,86.87394794,89.21294654,91.12582997,91.46495171,91.39445775,93.25081446,95.57251908,100,102.3194437,110.3491964,110.3382721,110.8675727,111.1165315,115.4795475,118.8548648,119.773984,123.0801384,126.3345556,128.2626402,127.4368139,131.5133571,130.9652953
Greenland,GRL,,,,,,,,,,,,,,,,,,,,,,,,,,,,,,,73.88017057,76.26300933,77.44179001,78.2487462,78.61524324,80.23147224,81.01782186,81.42024035,82.21687775,83.08875183,84.84200194,87.72854475,90.45083489,96.35996809,95.84112355,92.74624395,94.82226024,94.77720512,92.86901378,98.01268988,100,102.8840457,106.4287424,107.5647336,108.6299187,117.4771527,121.6332388,125.6063881,125.7540725,128.1278586,128.1278586
Guatemala,GTM,,,,,,,,,,,,,,,,,,,,,,,,,,,,,,,16.71552634,22.22747985,24.19714238,27.70678099,30.95464694,33.63773947,36.6314998,39.65628711,43.42460009,45.61387649,48.72935655,52.42907659,55.82080534,58.31668454,61.82959928,65.33437032,68.58889285,73.46923301,80.38084509,83.2746964,87.55299471,93.58946149,96.75068031,100,102.8603116,105.1557644,108.0025321,109.8903236,111.1975931,115.2903389,118.3399852
Guam,GUM,,,,,,,,,,,,,,,,,,,,,,,,,,,,,,,,,,,,,,,,,,,74.60980435,77.77293528,79.16922447,83.1786772,86.8442623,89.46083418,92.88135593,95.85070478,96.07843137,96.6828322,100,100.8404931,102.9357798,105.5323021,107.1934605,108.264314,109.9020675,112.5574814,117.2552167
Guyana,GUY,,,,,,,,,,,,,,,,,,,,,,,,,,,,,,,10.66415173,25.01145024,27.83793012,32.5567067,37.95213347,42.63987046,44.31586458,44.95545493,46.29067367,51.48009286,54.87059429,55.047262,56.48881304,59.15427537,63.16211822,67.982922,71.80852233,80.92289083,88.78507097,89.57973749,93.46137751,95.58311376,100,99.46320391,97.36954865,100.2947151,101.1950872,103.3294165,100.3456954,103.317329,76.14895265
High income,HIC,,,,,,,,,,,,,,,,,,,,,,,,,,,,,,,,,,,,,,,,,,,,,,,,,,,,,,,,,,,,,
"Hong Kong SAR, China",HKG,,,,,,,,,,,,,,,,,,,,,,,,,,,,,,,57.36483382,62.60821134,68.80598644,74.73225911,79.4562567,82.7454176,87.61391466,92.66074115,93.79106712,89.94969321,86.89658891,85.35501544,82.45137156,77.49796337,74.71512691,74.60299347,74.20401092,76.53213225,77.51287768,77.22188403,77.43089081,80.44906718,83.30081683,84.81059751,87.22796322,90.40615444,91.88668859,94.53621202,97.99392221,100,100.635095
Honduras,HND,,,,,,,,,,,,,,,,,,,,,,,,,,,,,,,25.63511602,32.37296559,33.56240463,37.22359792,45.16666729,55.87747662,66.04358883,76.85575517,84.77112549,91.19315477,100,108.0843494,113.6311733,120.1760343,127.9297726,137.2419907,144.582603,154.1619337,166.1719402,178.8902958,187.2552835,201.8746878,209.1013725,211.9744892,226.4933781,242.1956439,251.1037647,262.4356833,267.5458753,278.5866833,291.4969103
Heavily indebted poor countries (HIPC),HPC,,,,,,,,,,,,,,,,,,,,,,,,,,,,,,,,,,,,,,,,,,,,,,,,,,,,,,,,,,,,,
Croatia,HRV,,,,,,,,,,,,,,,,,,,,,,,,,,,,,,,,,,,,51.63038012,53.63939894,57.3344078,62.03562513,64.20834375,66.9950822,69.82695447,72.50628261,75.62676315,78.37621462,80.8228972,83.96390902,87.54393409,92.36312731,95.10202425,95.98594141,97.61455323,99.00596323,99.77163424,99.92040784,100,99.9250779,101.0878609,103.1200977,105.0992914,104.9634068
Haiti,HTI,,,,,,,,,,,,,,,,,,,,,,,,,,,,,,,5.725017906,6.561457839,7.933338333,9.388046218,14.71180931,17.06031095,18.76234823,21.1502307,24.14455719,25.84225819,28.69942994,32.50162509,34.97094811,40.22397917,50.0078814,56.71944312,62.01250837,67.68919985,74.28340928,82.48814254,88.58717018,92.41478317,99.999998,108.0771467,111.6856542,116.0977186,133.6981294,152.4230512,163.51756,192.2158938,231.7750542
Hungary,HUN,,,,,,,,,,,,,,,,,,,,,,,,,,,,,,,,11.80615243,14.34555897,17.39807229,20.78914109,26.3466583,32.12455549,38.63324472,43.95197749,47.52099419,52.07516006,57.827674,62.50680637,65.90966484,69.26761871,71.08885666,73.69321304,77.70383921,81.43773644,84.85814342,87.00819073,88.69077314,91.25677512,93.82915899,97.29845567,100,101.320879,105.4034381,110.5117968,115.7782769,122.6272517
IBRD only,IBD,,,,,,,,,,,,,,,,,,,,,,,,,,,,,,,,,,,,,,,,,,,,,,,,,,,,,,,,,,,,,
IDA & IBRD total,IBT,,,,,,,,,,,,,,,,,,,,,,,,,,,,,,,,,,,,,,,,,,,,,,,,,,,,,,,,,,,,,
IDA total,IDA,,,,,,,,,,,,,,,,,,,,,,,,,,,,,,,,,,,,,,,,,,,,,,,,,,,,,,,,,,,,,
IDA blend,IDB,,,,,,,,,,,,,,,,,,,,,,,,,,,,,,,,,,,,,,,,,,,,,,,,,,,,,,,,,,,,,
Indonesia,IDN,,,,,,,,,,,,,,,,,,,,,,,,,,,,,,,6.944916116,7.553779613,8.104363751,9.65655836,10.40750765,11.43598225,12.42822637,13.99062547,24.52153279,27.9940751,33.71815153,38.53840253,40.81064666,43.05010198,46.73119868,53.42861458,60.95533028,67.818034,80.12683848,86.75713599,100,107.465943,111.5000842,117.0371676,123.4077049,128.319631,131.4492494,137.0919426,142.3265565,144.6020709,143.9424974
IDA only,IDX,,,,,,,,,,,,,,,,,,,,,,,,,,,,,,,,,,,,,,,,,,,,,,,,,,,,,,,,,,,,,
Isle of Man,IMN,,,,,,,,,,,,,,,,,,,,,,,,,,,,,,,33.90513066,36.24134756,37.59766386,38.40840743,39.38451393,40.53455437,41.5761776,42.67554679,43.69426107,44.69659361,46.1736714,47.99374245,49.18546803,50.74308482,53.50800803,55.05797392,57.01873242,63.64607448,87.66158647,93.76799002,98.65029033,103.4395247,99.62926274,101.1593717,100.6310682,100,102.2367786,104.4462407,105.804021,107.7085157,107.7085157
India,IND,,,,,,,,,,,,,,,,,,,,,,,,,,,,,,,22.91103825,26.06172275,28.3981959,31.19876431,34.31241496,37.42204695,40.25677385,42.86391173,46.29738287,47.71796969,49.45727544,51.04763152,52.94440008,54.99218257,58.14071227,61.40932687,66.56828647,71.19106671,77.73635176,83.209275,91.96790896,100,107.9343862,114.6117514,118.4303363,121.1300602,125.0522212,130.0158664,134.8748865,139.6845269,146.1263218
Not classified,INX,,,,,,,,,,,,,,,,,,,,,,,,,,,,,,,,,,,,,,,,,,,,,,,,,,,,,,,,,,,,,
Ireland,IRL,,,,,,,,,,,,,,,,,,,,,,,,,,,,,,,52.1298041,53.06886759,54.56128182,57.38523879,58.35764927,60.12821814,61.5101746,63.93104043,68.12589046,71.11193653,76.00369975,81.21834623,85.43359146,88.77918945,89.2385958,91.98419207,95.13661929,96.28107151,95.79784495,91.37209304,88.65370603,89.9807355,92.0359429,92.90312829,92.8503485,100,100.7051829,101.6375705,102.3611479,106.6856903,105.3925313
"Iran, Islamic Rep.",IRN,,,,,,,,,,,,,,,,,,,,,,,,,,,,,,,1.276034143,1.607470678,2.087931852,3.052316104,4.078707556,5.632500743,7.336118561,8.547134926,9.340367332,12.43218753,15.53681658,18.10920379,23.40184973,26.4583083,32.98074668,39.63170724,45.41103782,55.82790365,66.67078841,69.7366559,80.81266812,100,124.0161095,168.1254779,186.3471076,187.1469791,190.1547912,213.4471891,283.6683443,388.3705652,539.8581614
Iraq,IRQ,,,,,,,,,,,,,,,,,,,,,,,,,,,,,,,0.08192809,0.172971842,0.353728743,0.7586338,3.766146594,14.89012593,13.02228807,24.9375251,20.98224271,35.91069818,44.74919605,36.18118784,39.13418807,44.55763217,52.27154362,71.01499577,87.38021973,100,130.1754087,104.7636061,122.1404739,152.2962697,156.3622289,156.3440942,151.8989638,106.0260024,94.25269385,108.0610526,127.7324781,124.5701417,105.6679236
Iceland,ISL,,,,,,,,,,,,,,,,,,,,,,,,,,,,,,,,,,,,38.20263795,39.14978777,40.2280191,42.12464856,43.5985451,45.35329644,49.30073388,52.19574093,52.4524726,53.85558323,55.50672061,60.28955961,62.90199403,70.53532806,78.15646466,83.13413615,85.70852566,88.65765343,90.54122237,94.29112467,100,102.2608609,103.2190378,105.9573879,110.820229,114.3823812
Israel,ISR,,,,,,,,,,,,,,,,,,,,,,,,,,,,,,,,,,,,55.82438485,61.11601657,66.19381061,70.7455285,75.15963159,76.85269764,78.21179133,81.75572514,81.47532543,81.55723482,82.49807689,83.67442536,84.50834221,86.29388134,89.72687429,91.09179367,92.32388382,95.32989466,96.98526434,97.56040708,100,100.5604676,100.5586196,101.4508543,103.3631533,104.3687415
Italy,ITA,,,,,,,,,,,,,,,,,,,,,,,,,,,,,,,52.01149017,55.95465219,58.39881602,60.6681659,62.81731964,65.91122622,68.88225595,70.65072156,72.34819111,73.45955225,74.77623977,77.04464582,79.56735092,82.07197831,84.26345088,85.95761635,87.78409012,89.96025312,92.11993202,93.66647733,94.07520087,95.58715584,97.06617728,98.1801186,99.07673995,100,101.13435,101.8689325,102.9570272,103.8991615,105.1122802
Jamaica,JAM,,,,,,,,,,,,,,,,,,,,,,,,,,,,,,,4.871992315,7.460547627,11.93954215,18.24438449,23.91971015,29.94433224,35.59545891,39.01571949,42.26692142,45.1901274,49.97444246,53.87613179,58.77015794,65.60163349,74.03708482,82.52820845,89.83046356,100,113.5468095,126.782399,139.2200505,147.289507,156.9692315,170.1794726,181.972936,194.0838512,203.1362543,216.4412053,227.2486366,234.4808315,242.8184764
Jordan,JOR,,,,,,,,,,,,,,,,,,,,,,,,,,,,,,,33.08079299,34.88015089,37.23310284,38.33487262,40.97597678,41.7376121,42.59801378,43.12534964,45.71289222,45.53736099,45.35151879,45.70493301,46.12673785,47.11763665,48.57446076,49.54915603,54.82713208,57.59601318,71.19434122,73.44521901,79.37772433,84.06935342,87.94227319,93.3451157,96.56115697,98.65629471,100,101.6790765,103.4189357,105.146679,104.8711062
Japan,JPN,,,,,,,,,,,,,,,,,,,,,,,,,,,,,,,106.4573197,109.5742283,111.4004348,112.0336052,114.4315828,113.8325804,113.3251428,113.8968237,113.8664358,112.4532948,110.9506263,109.7469453,108.2203888,106.4805256,105.2828684,104.0257724,103.1290511,102.4017401,101.4683172,100.8903893,98.9929014,97.3871571,96.6508195,96.30831311,97.93235517,100,100.4199444,100.3452826,100.3499276,100.9930233,101.8435509
Kazakhstan,KAZ,,,,,,,,,,,,,,,,,,,,,,,,,,,,,,,0.001388508,0.002726425,0.042865301,0.57587889,9.483152101,24.74046972,34.36442119,39.9093714,42.16937714,47.76952972,56.09404033,61.79119375,65.37707519,73.05137928,84.83575529,100,121.5517089,140.425161,169.8253285,177.7919791,212.5365951,256.1978992,268.4584285,293.9595132,310.9246209,316.5944864,359.7730153,400.1075481,436.9398725,470.2927437,490.0961047
Kenya,KEN,,,,,,,,,,,,,,,,,,,,,,,,,,,,,,,10.59554402,11.92337356,14.17656138,17.81972268,20.8520006,23.19181836,25.30604115,28.1998417,30.15448628,31.41914706,33.32938359,33.85369489,34.16961945,36.2872178,38.87335032,40.77800832,43.95328604,47.5264621,54.72727952,61.09605925,62.09754563,68.34767166,74.85640143,80.34903648,86.48371104,94.47364246,100,107.6052003,112.1607968,117.3091914,123.3881189
Kyrgyz Republic,KGZ,,,,,,,,,,,,,,,,,,,,,,,,,,,,,,,0.019343891,0.045413957,0.422401087,3.609112978,10.13709355,14.39782438,19.48643419,23.24917663,25.35962211,34.88835822,44.36464269,47.61789047,48.5822935,50.51322708,53.09379368,56.87864969,62.22047507,71.47673654,87.35600004,90.88108008,100,122.4818422,133.0842585,137.3099341,148.8648746,153.9669019,163.2827682,173.6139071,179.5991513,186.6922185,197.4455166
Cambodia,KHM,,,,,,,,,,,,,,,,,,,,,,,,,,,,,,,,,,49.54471605,79.25435039,85.59801138,88.19377277,93.48987571,103.1733115,104.4748967,100,102.646541,103.3785558,105.2368035,110.3131512,117.0165271,122.4356905,130.4160898,146.3969991,150.0633431,154.7462091,159.9519741,162.2561113,163.5239604,167.8282313,170.8258322,176.7624648,182.6681733,188.3524805,194.4463835,192.7630672
Kiribati,KIR,,,,,,,,,,,,,,,,,,,,,,,,,,,,,,,44.73684211,53.50877193,56.52173913,59.48275862,63.55932203,64.40677966,70.83333333,74.59016393,80,83.59375,85.29411765,91.04477612,95.54888291,98.07070782,99.74540321,100.2561718,100,106.1491186,114.9774012,115.1726687,116.5299156,118.7181479,118.2485026,118.4089349,123.98065,128.3003165,128.5203965,129.7605108,137.0806655,133.4335895,144.1175437
St. Kitts and Nevis,KNA,,,,,,,,,,,,,,,,,,,,,,,,,,,,,,,58.02529902,60.020916,63.20041274,64.45863835,68.50155996,69.03827409,69.48413426,72.89938697,74.94070218,77.02406958,78.41643454,81.50290541,84.3359634,85.74386036,89.03569547,87.58996431,100,106.3249846,109.196182,113.2922259,115.8626218,122.4020844,122.5360897,121.9933176,125.2761438,124.8857624,120.3616151,125.4188328,124.1682815,127.9613074,125.8641994
"Korea, Rep.",KOR,,,,,,,,,,,,,,,,,,,,,,,,,,,,,,,44.16118256,48.19797096,51.94679184,55.1958158,59.69921959,63.89282807,66.51925443,69.18221027,72.27875286,71.38984318,72.11927961,74.62794814,76.89151802,79.54427036,82.03231992,82.88660572,82.70160645,84.70232036,87.09626399,90.23925821,92.70955505,93.89796528,95.07338768,96.04175178,96.9127513,100,101.9860385,104.2529652,104.7564538,103.8772064,105.2410197
Kuwait,KWT,,,,,,,,,,,,,,,,,,,,,,,,,,,,,,,,,46.13964855,42.73157996,40.2230328,42.1740534,48.71534921,46.41824763,38.45468086,45.41088551,54.72997583,50.50552729,53.10569821,55.71884385,62.05478287,75.56473697,87.788363,91.56972577,108.6593313,90.00628647,100,117.2583429,126.004862,126.2856865,117.75141,87.18500572,81.2233244,94.40676335,106.2864547,104.8659013,90.10998798
Latin America & Caribbean (excluding high income),LAC,,,,,,,,,,,,,,,,,,,,,,,,,,,,,,,,,,,,,,,,,,,,,,,,,,,,,,,,,,,,,
Lao PDR,LAO,,,,,,,,,,,,,,,,,,,,,,,,,,,,,,,3.173949079,3.585666149,3.800585294,4.22558876,4.550984258,5.446862094,6.194455478,7.393257093,13.640889,31.0976757,38.80920784,42.25083704,44.92044128,50.96228099,56.41036722,61.28440486,67.90624684,72.9573077,79.42384265,77.09507718,84.18518078,92.99828962,100,106.4739721,112.5712671,115.2149988,118.6971492,120.8955352,123.2165955,125.7345895,132.010369
Lebanon,LBN,,,,,,,,,,,,,,,,,,,,,,,,,,,,,,,15.5307673,22.93205694,45.275636,56.47819468,60.92512793,67.43132574,68.60335618,76.52482601,79.59953098,80.24655614,78.57102157,77.37269442,81.18035011,82.46401641,81.44586484,80.58074112,81.29044599,83.83721366,90.15290899,99.42472187,100,102.9650806,110.7475403,113.6428507,113.8156639,117.7006268,118.9302173,122.4519107,129.1309243,134.7581227,248.7437477
Liberia,LBR,,,,,,,,,,,,,,,,,,,,,,,,,,,,,,,,,,,,,,,,,36.96475322,37.23090961,36.71238399,42.40702226,49.55611564,49.79894599,54.34802263,60.87937371,71.42754579,69.4826865,74.00739996,82.09155967,88.49236657,92.66505433,93.42298157,93.48157032,100,97.38206585,97.17768738,96.63307774,96.05134512
Libya,LBY,,,,,,,,,,,,,,,,,,,,,,,,,,,,,,,,,,,,,,,,56.58189217,64.11120196,68.71753895,87.44117252,100,122.6053531,157.6319071,172.5449896,191.5597402,233.3763789,174.3022922,198.9853581,235.3016119,256.4332735,239.3345039,197.9080256,159.5168127,155.437069,177.867816,210.1039479,207.7851869,147.6090686
St. Lucia,LCA,,,,,,,,,,,,,,,,,,,,,,,,,,,,,,,47.25983274,49.85076816,50.72075568,51.23016932,52.55124889,55.21304535,54.99049924,56.5707622,57.94556629,59.29716531,61.67138264,61.10885284,61.36044438,64.56623142,65.02344739,69.50807327,73.1055425,75.73068949,77.64877634,77.89603841,81.32983697,81.78128708,83.40824923,89.34502836,92.56398501,96.67167377,96.23346847,99.51955124,100,102.6642424,98.38368798
Latin America & Caribbean,LCN,,,,,,,,,,,,,,,,,,,,,,,,,,,,,,,,,,,,,,,,,,,,,,,,,,,,,,,,,,,,,
Least developed countries: UN classification,LDC,,,,,,,,,,,,,,,,,,,,,,,,,,,,,,,,,,,,,,,,,,,,,,,,,,,,,,,,,,,,,
Low income,LIC,,,,,,,,,,,,,,,,,,,,,,,,,,,,,,,,,,,,,,,,,,,,,,,,,,,,,,,,,,,,,
Liechtenstein,LIE,,,,,,,,,,,,,,,,,,,,,,,,,,,,,,,84.47922728,89.43826762,93.03686474,96.10883459,96.92802863,98.66881116,99.47337673,99.98537245,100,100.8191928,102.3844329,103.3937959,104.0667048,104.7249853,105.5734343,106.8303577,108.2350505,115.3587977,112.9170063,101.7374745,,,,,,,,,,,
Sri Lanka,LKA,,,,,,,,,,,,,,,,,,,,,,,,,,,,,,,17.08212468,18.89693356,20.67394566,22.71743997,24.93706671,27.25707166,30.20559334,32.90128209,35.93285891,37.42863645,40.15247934,42.21998608,45.64468992,49.63799065,54.00687466,59.63370336,66.35861364,75.66769382,88.02197031,93.19755886,100,103.8313941,115.0747062,122.251816,125.8119158,126.6284883,132.761278,142.4072409,147.8566693,151.9014654,157.1043402
Lower middle income,LMC,,,,,,,,,,,,,,,,,,,,,,,,,,,,,,,,,,,,,,,,,,,,,,,,,,,,,,,,,,,,,
Low & middle income,LMY,,,,,,,,,,,,,,,,,,,,,,,,,,,,,,,,,,,,,,,,,,,,,,,,,,,,,,,,,,,,,
Lesotho,LSO,,,,,,,,,,,,,,,,,,,,,,,,,,,,,,,17.34893656,20.44177003,23.29114636,25.9225739,27.93588602,31.516294,33.40791594,36.42095609,40.03472857,43.29005345,46.01742128,51.29702512,58.58475888,60.0135317,65.77506631,69.67082018,76.1578625,71.06414917,82.94843222,84.89617661,89.43220464,97.86590343,100.0002241,110.2801459,125.7581277,138.5885414,138.1801531,140.9684603,154.5335786,159.3960945,159.3437557
Late-demographic dividend,LTE,,,,,,,,,,,,,,,,,,,,,,,,,,,,,,,,,,,,,,,,,,,,,,,,,,,,,,,,,,,,,
Lithuania,LTU,,,,,,,,,,,,,,,,,,,,,,,,,,,,,,,,,,,,48.0695701,57.19823535,63.7466835,65.88311345,65.05503374,65.8997983,65.68772576,65.89704404,65.36097521,67.11382402,71.73468368,76.56643439,83.11637557,91.18623472,88.18070106,90.41474472,95.25189043,97.85631857,99.11018312,99.93635774,100,101.5762528,105.8865718,109.6203569,112.5299379,114.1720666
Luxembourg,LUX,,,,,,,,,,,,,,,,,,,,,,,,,,,,,,,46.58514098,47.4343143,49.20317383,52.14196351,53.98902861,55.24809043,57.33843388,58.8404392,57.64447994,60.39102028,63.17412416,63.67324668,64.60568479,66.01794993,68.07594504,71.35538606,75.96114449,77.39869436,82.51472129,83.23316698,87.10219288,90.10674965,93.04961565,95.1674477,97.8289978,100,98.89238307,101.0115519,102.7607708,103.3537906,107.7684037
Latvia,LVA,,,,,,,,,,,,,,,,,,,,,,,,,,,,,,,,,,,,36.46153762,40.99525861,43.4087873,45.5027537,46.18158312,47.85254053,48.95215327,51.43587416,54.01716487,57.83318049,64.31290889,72.31357171,86.82075244,96.93967028,87.56931915,87.26754581,92.96881211,96.35173595,98.00479404,99.88419745,100,100.8643829,103.837125,107.880136,110.658203,110.5560908
"Macao SAR, China",MAC,,,,,,,,,,,,,,,,,,,,,,,,,,,,,,,28.41026872,31.72053762,36.39581224,39.86664312,42.55919353,46.04218606,47.08585547,47.86763127,46.93858123,46.37938064,45.56952477,44.89556519,44.29518153,44.31751945,45.17446628,47.68979967,51.38330023,55.88551429,61.51497576,62.08236684,65.05645017,69.92962964,74.76935211,80.55102875,87.58356086,91.53713826,92.3258245,94.31090714,97.65278659,100,99.7642672
St. Martin (French part),MAF,,,,,,,,,,,,,,,,,,,,,,,,,,,,,,,,,,,,,,,,,,,,,,,,,,,,,,,,,,,,,
Morocco,MAR,,,,,,,,,,,,,,,,,,,,,,,,,,,,,,,72.33723215,76.24077791,79.73861204,82.15866493,82.69708372,88.93112311,89.31840798,89.95559804,90.30761344,90.82195717,90.14779651,90.7358464,91.83242948,92.80824547,93.93978318,95.05817445,96.52970423,100,104.5304971,104.6840652,105.7053856,104.974982,105.3626916,106.7400896,107.1433639,109.4244978,111.0474349,111.752521,112.9702144,114.5033072,115.4852575
Monaco,MCO,,,,,,,,,,,,,,,,,,,,,,,,,,,,,,,74.42007252,76.31020678,77.94010263,79.14819884,80.21326656,81.26238355,82.56630451,83.40356929,84.15496855,84.19388753,85.37312222,86.78083776,88.84636785,90.51550346,91.95450946,92.13510714,94.12537683,96.53239062,98.8991738,98.95539656,100,100.9691114,102.1542904,102.9279026,103.5096709,104.6511304,104.7689105,105.5872319,106.4896993,107.8362293,107.8362293
Moldova,MDA,,,,,,,,,,,,,,,,,,,,,,,,,,,,,,,,,,,,10.92677568,13.97009875,15.7167718,17.20385033,24.04782863,30.61980008,34.32150456,37.69441681,43.2980584,46.75631195,51.12528911,57.9853526,67.21007706,73.42314382,75.01597943,100,108.1907993,116.2231243,120.7835471,128.4559402,140.7419359,148.7277534,158.0236526,163.0488414,171.8536982,181.2155072
Madagascar,MDG,,,,,,,,,,,,,,,,,,,,,,,,,,,,,,,10.90478577,11.83607442,13.56026913,14.9149287,20.73057717,30.89604769,37.00135894,38.66345015,41.06443863,44.01661982,49.1094981,52.99746998,61.7412711,60.68919688,69.15886091,81.85907285,90.67172361,100,107.4863003,114.934197,126.6787951,139.8358918,147.4795662,155.5205982,165.9898884,176.7854005,192.6255151,202.1827066,218.9598141,233.2405716,243.3900924
Maldives,MDV,,,,,,,,,,,,,,,,,,,,,,,,,,,,,,,,,,,,24.04929372,25.16910813,26.20114576,25.90298119,26.61616968,27.15712003,40.97814629,41.182027,41.37393034,45.49892779,49.66579719,53.3240977,58.71946636,65.20799305,72.56791045,74.65904299,84.09220326,89.791092,95.5649786,100,107.9299081,108.1730016,109.6720627,113.1264475,111.9023493,112.3054079
Middle East & North Africa,MEA,,,,,,,,,,,,,,,,,,,,,,,,,,,,,,,,,,,,,,,,,,,,,,,,,,,,,,,,,,,,,
Mexico,MEX,,,,,,,,,,,,,,,,,,,,,,,,,,,,,,,9.887785312,12.20446563,14.01614434,15.34683353,16.69896697,23.12216736,29.26006515,34.74482612,40.10584344,46.56401484,51.75692975,54.88381955,57.90427694,60.24329448,65.03969147,68.86007183,73.25969497,77.50074362,82.28448637,85.53280051,89.42039574,94.64511607,98.49331737,100,104.4397192,107.4006752,113.4207811,121.0343852,127.0212435,132.2736021,136.1183987
Marshall Islands,MHL,,,,,,,,,,,,,,,,,,,,,,,,,,,,,,,56.34927888,59.19173194,60.97574041,62.82558149,64.47454064,66.28442264,68.13770383,72.73209859,74.37549226,76.69400764,76.34528807,76.09917974,78.6785126,79.76452805,79.64085899,80.22977431,83.4343769,84.72475977,92.46763761,88.35766514,88.71711003,95.81981777,102.76832,101.2100943,100.6899037,100,108.2064044,110.8811142,111.2643751,112.7472533,117.6998726
Middle income,MIC,,,,,,,,,,,,,,,,,,,,,,,,,,,,,,,,,,,,,,,,,,,,,,,,,,,,,,,,,,,,,
North Macedonia,MKD,,,,,,,,,,,,,,,,,,,,,,,,,,,,,,,0.173443614,0.336344148,4.613511726,25.01120447,62.99964901,73.7673073,75.88060856,78.86217684,79.95970881,82.14905915,88.86752396,93.06114774,93.93961411,95.49116678,95.33261129,100,103.2526242,107.9945552,113.9247458,114.2609122,116.5933008,120.9331044,122.1460614,127.6222274,129.46888,132.0626865,136.6389925,140.474486,145.9897324,147.2571696,148.9178945
Mali,MLI,,,,,,,,,,,,,,,,,,,,,,,,,,,,,,,61.77924325,58.18612706,58.61601596,60.51229926,84.45238805,97.80345247,96.18762286,101.5550825,103.3217094,100,99.38027208,104.029641,107.6840793,99.5062442,103.0870999,110.8203953,115.9700788,121.2525693,130.075352,136.1055571,142.0465643,159.3519412,166.6907476,167.7786244,169.907137,174.8064252,177.1682738,180.5951923,183.228205,186.7655026,187.7597304
Malta,MLT,,,,,,,,,,,,,,,,,,,,,,,,,,,,,,,56.57619615,58.47199313,60.55033243,62.27874525,64.49695477,65.00106296,65.70653353,66.3335106,67.14173584,67.65579323,68.72337141,71.7585566,73.7145108,75.09413819,76.68100861,78.16668636,79.85518446,81.67907805,84.3173843,86.02131619,88.74448803,89.74188914,91.66783578,93.75435302,95.95076379,100,101.7639989,104.0259895,106.3735756,108.8355445,110.4128544
Myanmar,MMR,,,,,,,,,,,,,,,,,,,,,,,,,,,,,,,1.703971246,2.064878425,2.544708808,3.300636859,4.223534375,5.095553362,6.191097733,7.990704904,10.78780656,13.84640479,15.37318284,17.58302231,23.66784539,30.46518137,33.73173373,37.7841486,45.47983074,55.75551086,65.660104,71.41314235,75.71640791,82.2869257,87.58247311,90.90797224,94.78538509,102.7235637,100,105.372901,111.1111503,118.0725069,124.0434339
Middle East & North Africa (excluding high income),MNA,,,,,,,,,,,,,,,,,,,,,,,,,,,,,,,,,,,,,,,,,,,,,,,,,,,,,,,,,,,,,
Montenegro,MNE,,,,,,,,,,,,,,,,,,,,,,,,,,,,,,,,,,,,,,,,,47.13501681,56.65852768,58.40086731,63.26027153,66.98359675,69.88705847,76.95051484,89.29456007,96.10695439,98.42112565,100,101.2027035,101.3818495,103.4773829,104.5496448,106.8702004,112.3217513,116.6179977,120.3802184,122.814478,122.5988101
Mongolia,MNG,,,,,,,,,,,,,,,,,,,,,,,,,,,,,,,0.169809146,0.328274959,0.898457975,3.763615528,6.184350015,9.911807766,10.9830336,13.36329138,13.10513972,14.53120918,16.27490943,17.97540061,19.12037743,21.07764912,24.59581923,29.5391949,36.03391021,40.22413784,48.85171411,49.74409017,69.23292332,79.70043281,89.88963809,92.50349243,99.39392643,100,102.9931268,114.1168442,123.2012478,135.487139,140.5092703
Northern Mariana Islands,MNP,,,,,,,,,,,,,,,,,,,,,,,,,,,,,,,,,,,,,,,,,,,88.12628689,84.74692202,85.39167255,85.7720291,85.9375,87.25581395,98.22175732,100.8883249,100,98.51351351,100,100.7832898,104.2606516,110.3030303,115.3846154,118.8118812,122.9461756,125.6110521,125.6110521
Mozambique,MOZ,,,,,,,,,,,,,,,,,,,,,,,,,,,,,,,2.90211393,4.674138222,6.346674429,9.133970967,13.69176752,20.74893827,31.05593664,34.37692988,36.42382415,39.83069575,44.41024785,51.41467629,56.57729373,59.03582525,62.8835862,67.40577671,72.71338666,78.19603741,82.32643955,83.20569606,89.86100149,92.7337543,95.94797431,98.80375092,99.99995342,107.5858054,122.2988202,131.6433152,135.5941544,142.4493995,146.0106088
Mauritania,MRT,,,,,,,,,,,,,,,,,,,,,,,,,,,,,,,15.73594073,17.42136321,18.4216879,20.61624235,22.90311993,23.5540083,23.99142119,26.88888033,31.85031247,33.37101178,35.49060055,37.5585026,40.08047758,41.87827923,46.45873297,53.23485959,60.73621711,66.13905933,73.22673067,72.96389931,89.26634645,103.4630322,104.4849918,107.6327969,100,95.20609142,105.8788178,107.555873,110.8932839,115.7092982,119.7844448
Mauritius,MUS,,,,,,,,,,,,,,,,,,,,,,,,,,,,,,,36.56953984,39.70145726,41.82762879,45.6842274,48.6790251,51.30925097,54.90194662,57.71334867,61.73226356,65.78925385,68.03262089,72.27242234,76.76724969,81.08402,86.63458584,90.05500563,99.99988778,108.3081937,114.467348,113.7185017,114.9994484,118.6351143,121.560091,124.9040646,126.7534385,127.9712801,130.719553,132.4148186,134.3312213,135.008837,136.8081593
Malawi,MWI,,,,,,,,,,,,,,,,,,,,,,,,,,,,,,,0.406927923,0.470001751,0.532401163,0.682403416,0.861001212,1.525862762,2.32458491,2.808908465,3.358007508,4.690826825,6.123121612,7.692016444,12.47373196,13.76427603,15.80780682,17.50576066,21.00118128,21.86217121,24.47790723,26.41161846,29.61460283,33.78308366,39.74785911,50.59918225,61.16616539,73.72642859,88.13561921,100,106.129094,114.3311197,125.9964943
Malaysia,MYS,,,,,,,,,,,,,,,,,,,,,,,,,,,,,,,40.85707695,42.32168006,43.34342803,45.07151807,46.84613451,48.54825112,50.33477986,52.08761285,56.51439322,56.54008061,61.54682736,60.57323415,62.4684999,64.52929378,68.40704141,74.46967461,77.43426147,81.21407816,89.65132785,84.27923959,90.40368209,95.29669829,96.24960076,96.41753175,98.79660232,100,101.65826,105.4998859,106.1589745,106.2378976,105.4115695
North America,NAC,,,,,,,,,,,,,,,,,,,,,,,,,,,,,,,,,,,,,,,,,,,,,,,,,,,,,,,,,,,,,
Namibia,NAM,,,,,,,,,,,,,,,,,,,,,,,,,,,,,,,14.99078949,15.88827294,17.43069559,19.23685497,22.25161584,23.73835929,27.34093551,29.28574296,31.70754353,33.85898157,37.67865617,41.90008402,46.09160153,46.67747551,47.62981401,50.29616986,55.02732223,60.13739836,66.7293066,71.36392672,74.0228742,76.84675533,85.49993703,88.9539557,96.27921771,99.99999966,107.9686716,118.6781255,123.933768,124.6930875,131.9509493
New Caledonia,NCL,,,,,,,,,,,,,,,,,,,,,,,,,,,,,,,100,103.6304091,106.5752909,109.4691116,112.634623,114.1343879,115.7576963,118.1405178,133.2993796,141.4506592,149.8835521,,,,,,,,,,,,,,,,,,,,
Niger,NER,,,,,,,,,,,,,,,,,,,,,,,,,,,,,,,41.89710833,40.79071326,38.668806,37.17278201,45.43048043,47.36103113,50.66144849,54.20353552,57.49811459,57.71646175,59.55091814,62.53592037,64.14453305,64.02363255,64.2713669,69.78898947,70.83317065,75.81746079,83.49709913,86.99567768,90.0188149,93.59400682,98.56229434,98.19842789,97.8000596,100,101.7927215,102.1714675,104.3945019,104.8192321,105.762223
Nigeria,NGA,,,,,,,,,,,,,,,,,,,,,,,,,,,,,,,2.12265848,2.523074797,3.702671692,5.244429332,7.515081806,13.18157773,16.67352133,17.51642551,18.56904783,21.0629771,25.83874121,28.44237609,34.44629148,37.82351743,45.66345336,54.73152785,67.79286826,72.60597954,78.35738031,78.89498941,100,109.7784581,120.6988203,126.6912098,132.5983432,136.3955157,149.4126537,166.0257243,183.0076407,202.0125801,217.8688345
Nicaragua,NIC,,,,,,,,,,,,,,,,,,,,,,,,,,,,,,,0.739215213,22.41072167,27.71428886,33.36568278,35.96128489,40.77746605,44.69488092,49.06514333,55.94824095,61.11015581,66.34499131,71.14937005,73.46057107,77.37681082,84.38011045,92.70597539,100,109.6739836,127.440384,135.1333392,143.4271868,158.0776609,167.9482057,175.2530077,189.9606408,204.3760396,213.7570688,222.5685658,228.4866073,241.0800859,255.2132032
Netherlands,NLD,,,,,,,,,,,,,,,,,,,,,,,,,,,,,,,62.75067821,64.70664793,66.32155812,67.38105074,68.77094227,70.1908033,70.92095219,72.79524536,74.30992055,75.26359177,77.83788495,81.0952875,84.15301883,85.97937439,87.01460096,88.7450951,91.01795139,92.9040306,95.04669994,95.25646954,96.15227446,96.33847535,97.73163525,98.98258753,99.23319732,100,100.4546673,101.7211065,104.2001421,107.3602551,109.8206314
Norway,NOR,,,,,,,,,,,,,,,,,,,,,,,,,,,,,,,44.07433378,45.04910667,44.76092801,45.78714384,45.71575457,47.11532159,49.12314695,50.49158223,50.14173758,53.48417096,61.71523867,62.74813557,61.72388255,63.49229486,67.19841891,73.07993161,79.48415135,81.83432589,90.34990927,85.63913709,90.75026194,96.84569028,100.0831648,102.6404854,102.9387627,100,98.52574617,102.4186332,109.2311191,108.7530251,104.8309551
Nepal,NPL,,,,,,,,,,,,,,,,,,,,,,,,,,,,,,,17.55626005,19.75862936,23.41182104,25.93442351,27.18342177,28.89621154,31.15677245,33.42470288,34.79773976,37.8902314,39.58484689,40.93567448,42.5464351,43.85274041,45.67983289,48.4751602,52.04295103,55.99992698,59.14704141,68.55634806,78.94053179,100,107.74115,115.3720797,124.6426488,130.1381998,139.4435167,150.9635209,157.5392782,164.9296914,170.8819782
Nauru,NRU,,,,,,,,,,,,,,,,,,,,,,,,,,,,,,,,,,,,,,,,,,,,,136.3636364,131.25,111.4285714,107.4074074,127.2727273,166.6666667,135,152.2727273,191.8367347,150,140.7407407,123.8095238,157.4712644,176.8292683,183.908046,190.8045977,194.3181818
New Zealand,NZL,,,,,,,,,,,,,,,,,,,,,,,,,,,,,,,60.37241597,60.90972446,62.12843295,63.04779927,64.25057463,65.16939669,66.07406204,67.12542678,67.87209082,68.22156081,70.16581625,72.83726429,73.08188726,74.72135564,76.82708451,78.38817663,80.43303917,84.72746897,86.93731479,89.30758979,92.05369108,94.30891758,94.17506305,98.15579077,98.56140397,100,102.4758383,106.1323583,108.2930614,112.2565777,110.8076253
OECD members,OED,,,,,,,,,,,,,,,,,,,,,,,,,,,,,,,,,,,,,,,,,,,,,,,,,,,,,,,,,,,,,
Oman,OMN,,,,,,,,,,,,,,,,,,,,,,,,,,,,,,,43.66282148,39.95231482,40.46093785,38.28034709,38.10791144,38.77714974,41.65276621,40.72172939,35.2844012,39.17919714,45.99979617,43.90103998,45.96604251,50.72197751,57.31983689,70.19652164,79.76440115,86.35622123,115.5023932,86.47879399,100,116.2649205,120.0908191,117.3114497,118.7775439,96.2272947,87.66635205,94.45866516,105.4609467,101.7308428,101.7308428
Other small states,OSS,,,,,,,,,,,,,,,,,,,,,,,,,,,,,,,,,,,,,,,,,,,,,,,,,,,,,,,,,,,,,
Pakistan,PAK,,,,,,,,,,,,,,,,,,,,,,,,,,,,,,,27.48967324,31.19869438,34.38140041,37.42021875,42.29548053,47.79663564,51.7989395,58.73145815,63.15160936,66.85373742,69.34139812,73.02386717,75.74693689,78.21523018,83.94888497,90.53027913,100,107.2743193,121.438831,146.5360062,162.4355138,194.3454037,205.9450537,220.2910689,236.6180588,246.3436494,247.3296045,257.2558753,263.5825333,286.7217386,315.7993424
Panama,PAN,,,,,,,,,,,,,,,,,,,,,,,,,,,,,,,75.29682058,75.6678807,79.49747704,82.32337756,85.3526685,85.7510155,84.94291162,86.30950626,87.17046018,87.90477286,86.80756113,87.70012901,89.16589263,90.17468363,91.94662031,93.55414265,95.39714506,100,107.5274954,114.485556,117.4509086,124.3148557,131.9922105,139.2581214,145.1036477,148.700515,151.6775678,154.3001093,155.3391407,155.618637,152.8238128
Peru,PER,,,,,,,,,,,,,,,,,,,,,,,,,,,,,,,3.608738482,17.25123432,29.19954576,42.74366247,54.15119422,61.50427543,67.46265093,72.37604426,76.26342699,78.50141189,81.26836688,81.63833974,81.72733943,83.20147561,88.42572836,91.52392041,98.53121881,100,101.1032763,103.1897429,109.0826291,116.441111,117.8414143,119.0872742,121.984002,125.2660071,129.1253058,133.7940356,136.8274959,139.5433449,145.4242106
Philippines,PHL,,,,,,,,,,,,,,,,,,,,,,,,,,,,,,,23.42352358,27.26383829,29.41273689,31.41563309,34.5761182,37.21853021,40.08025015,42.58919996,47.04295677,50.0229586,52.93276086,55.90697979,58.27245544,60.13258874,63.67485435,67.43860714,70.88578999,73.12882178,78.37889798,80.52511487,84.04477453,87.33832601,89.08000603,90.91600139,93.69171719,93.01743403,94.20834716,96.3942257,100,100.6970763,102.3469095
Palau,PLW,,,,,,,,,,,,,,,,,,,,,,,,,,,,,,,,,,,,,,,,,63.7511815,64.23781706,64.49894024,62.90694342,64.36682586,71.3855315,72.40244923,73.37150869,77.63380654,78.60067676,77.77045871,77.19817358,81.8998112,88.25133163,90.74297149,97.92457753,103.1109575,101.9656898,101.8604651,100,104.1212121
Papua New Guinea,PNG,,,,,,,,,,,,,,,,,,,,,,,,,,,,,,,24.6186995,26.3407418,27.09829661,26.42197665,28.338386,32.83039731,33.42524409,36.24177602,41.51272702,46.10772685,52.14895397,55.75448781,62.60695493,66.07496543,64.75850638,72.64763323,79.49835602,82.55688031,88.96542026,84.62452164,93.01687181,97.09529607,96.53727048,100,105.4373927,104.1393335,106.7614015,114.981533,126.2469702,127.5904182,134.5979749
Poland,POL,,,,,,,,,,,,,,,,,,,,,,,,,,,,,,,8.521313661,13.22985029,18.33994175,23.95981275,32.88101778,42.06720073,49.61932214,56.40053747,62.61679351,66.47685388,70.54744553,72.74842784,74.09440716,74.66940258,78.3406335,80.34551174,81.73422244,84.77234762,88.07368047,91.40776046,92.91681732,95.95573135,98.221721,98.52121612,99.03536754,100,100.3116222,102.1771179,103.4048887,106.7076181,111.0867823
Pre-demographic dividend,PRE,,,,,,,,,,,,,,,,,,,,,,,,,,,,,,,,,,,,,,,,,,,,,,,,,,,,,,,,,,,,,
Puerto Rico,PRI,,,,,,,,,,,,,,,,,,,,,,,,,,,,,,,462.4485327,476.8921761,489.1787324,498.406555,514.2472338,528.5133903,549.1864704,556.5030085,591.8973932,600.6147264,620.4054136,654.5581796,671.2479616,700.9001583,691.8432803,737.4366002,777.9429886,807.3685575,860.3469345,903.2141987,925.7412513,947.6797114,958.8550173,970.1888293,981.8364785,1001.254286,1023.490808,1044.904303,1063.555125,1089.421929,1114.478518
"Korea, Dem. People's Rep.",PRK,,,,,,,,,,,,,,,,,,,,,,,,,,,,,,,,,,,,,,,,,,,,,,,,,,,,,,,,,,,,,
Portugal,PRT,,,,,,,,,,,,,,,,,,,,,,,,,,,,,,,42.68899497,46.99468609,52.37371281,56.2370231,60.32974423,62.39822023,63.89015264,66.37241773,68.91118485,71.23385534,73.67024462,76.40781825,79.60913903,82.3374666,84.31324853,87.12332751,89.89780704,92.56448659,94.17300215,95.20714966,95.81865649,95.56461882,95.19364044,97.3342169,98.02003026,100,101.7166625,103.2545273,105.1265286,106.965667,109.0428053
Paraguay,PRY,,,,,,,,,,,,,,,,,,,,,,,,,,,,,,,8.516085738,10.6553126,12.15589181,13.64134604,15.35652301,17.0574771,19.00568802,19.65396999,22.84942571,25.2897736,28.99839383,33.03949536,38.96988132,44.87160666,50.18216366,56.68217105,61.70184927,69.49818991,77.9941734,80.83937348,84.60301331,88.91413797,93.18048361,97.22235117,100,101.6038881,105.8049593,108.0895099,110.2083325,113.5276898,116.5675806
West Bank and Gaza,PSE,,,,,,,,,,,,,,,,,,,,,,,,,,,,,,,,,,,58.94450225,63.53316825,65.19495519,62.69544624,59.32731245,57.53008582,63.53757588,65.02733525,65.99485215,64.59205532,61.45599229,61.49054268,64.80680333,67.89823958,79.44661348,80.91854747,91.5968149,96.56120173,99.33032017,105.0302629,103.8497227,100,101.2780225,104.544659,104.2289417,108.2412029,111.0300098
Pacific island small states,PSS,,,,,,,,,,,,,,,,,,,,,,,,,,,,,,,,,,,,,,,,,,,,,,,,,,,,,,,,,,,,,
Post-demographic dividend,PST,,,,,,,,,,,,,,,,,,,,,,,,,,,,,,,,,,,,,,,,,,,,,,,,,,,,,,,,,,,,,
French Polynesia,PYF,,,,,,,,,,,,,,,,,,,,,,,,,,,,,,,99.9872983,101.4372889,102.7271349,104.7845986,105.69342,106.8999781,108.4696311,109.5370202,110.3321652,111.3589089,112.4296627,,,,,,,,,,,,,,,110.4831415,111.7310241,111.3944302,111.3965909,111.7361745,112.0672525
Qatar,QAT,,,,,,,,,,,,,,,,,,,,,,,,,,,,,,,,,,,,,,,,,47.79560148,45.42879151,46.79574619,54.83360244,62.02052474,80.96326743,87.73310296,97.35730205,119.6517004,90.67433091,97.00279159,114.7253678,121.9874403,122.9236799,121.1010278,90.66857261,82.52952771,88.95657217,100,95.54408579,81.11652725
Romania,ROU,,,,,,,,,,,,,,,,,,,,,,,,,,,,,,,0.034644947,0.102203972,0.3064677,1.003095556,2.397629799,3.450991844,4.969507073,11.69515841,17.32456674,25.9041189,37.08972186,51.16761367,62.78996311,77.32788367,89.28014215,100,110.6065794,128.1003675,148.6163843,154.6900063,160.2482218,166.2886203,172.55887,178.4180736,181.6241722,187.5366714,192.1257749,201.1156713,213.5571401,228.0694968,236.6327296
Russian Federation,RUS,,,,,,,,,,,,,,,,,,,,,,,,,,,,,,,0.000884994,0.002023359,0.032179873,0.317885897,1.294743082,3.159262033,4.613671834,5.308421775,6.292548354,10.84751051,14.93679723,17.39832456,20.12323385,22.87149142,27.50414622,32.80678943,37.76730939,42.99477304,50.73964436,51.73952619,59.08193904,73.53343218,80.08369356,84.34425727,90.66170213,97.2344361,100,105.3498151,115.8826105,119.4566317,120.526989
Rwanda,RWA,,,,,,,,,,,,,,,,,,,,,,,,,,,,,,,10.89908657,12.53165382,13.44436965,15.30917129,17.9410173,27.13876384,30.10270107,34.80519525,35.58072484,34.32967097,35.45549109,35.86198829,33.98623649,40.90986449,45.44985818,49.5525395,50.77208715,57.33725469,65.62820703,70.31865278,72.55831681,77.7772673,81.4489411,83.64173911,87.60005624,88.02624756,92.45416446,100,99.37396723,101.8593652,110.2795409
South Asia,SAS,,,,,,,,,,,,,,,,,,,,,,,,,,,,,,,,,,,,,,,,,,,,,,,,,,,,,,,,,,,,,
Saudi Arabia,SAU,,,,,,,,,,,,,,,,,,,,,,,,,,,,,,,39.96682091,39.06256825,38.9466986,38.29850523,38.7178547,40.97054547,44.18383597,45.71247497,39.34301593,45.04316152,49.97448007,49.1515615,52.07945823,53.28590943,59.17745738,71.1014859,79.32960685,86.02137611,101.2383825,85.3305622,100.0000149,115.5293906,120.168491,118.70684,116.0121971,96.39624526,93.45961635,100.5306127,112.1001431,112.6453798,103.7147991
Sudan,SDN,,,,,,,,,,,,,,,,,,,,,,,,,,,,,,,1.70414168,3.216956745,6.730956182,13.29278688,34.46380645,70.49744916,93.45300754,137.9211701,162.2811809,187.95987,206.4798128,250.1172382,277.1329894,304.291812,356.8551733,421.283244,453.5209091,522.939638,569.4342881,580.0379056,711.52913,898.8630095,1169.677788,1595.775372,2139.407937,2439.407644,2944.013452,3963.300703,6181.77117,9394.987414,20225.31926
Senegal,SEN,,,,,,,,,,,,,,,,,,,,,,,,,,,,,,,44.97262289,44.55722047,44.18852439,44.22576195,59.28081593,63.49746468,66.13992269,67.44805737,69.32245973,68.95820645,69.86063481,74.74734094,76.17101266,75.46804567,75.36621278,78.92416031,81.20151064,86.55164468,93.66319755,92.08118991,93.55855506,97.16754862,100.3489226,101.5391917,100,101.0697846,102.0356575,102.6467663,101.7848984,103.683141,106.1121942
Singapore,SGP,,,,,,,,,,,,,,,,,,,,,,,,,,,,,,,72.35626987,75.56544587,76.6141532,79.25986002,82.00297688,84.58748891,85.86157397,86.79019474,85.64070454,82.57222335,85.76172948,84.20406948,83.45585754,81.96422669,85.30303542,86.9301369,88.53460537,93.77251489,92.47267255,95.21087394,96.260678,97.2751069,97.73251957,97.29297862,97.03064477,100,100.6471398,103.6726864,107.1432737,106.4744917,103.3657969
Solomon Islands,SLB,,,,,,,,,,,,,,,,,,,,,,,,,,,,,,,14.86745878,15.96318414,18.05994339,20.5139285,21.93911317,24.03065825,26.93388552,29.21331542,32.47863248,34.962239,36.91483849,40.55930931,45.14385016,47.96084829,50.57783821,57.82608696,62.9453317,69.773596,75.26747256,80.31432055,85.18148934,93.29069767,100,101.6690148,105.6413556,109.4014382,109.4386736,110.9604627,114.2205601,115.6647138,119.6024868
Sierra Leone,SLE,,,,,,,,,,,,,,,,,,,,,,,,,,,,,,,2.045477072,4.679267476,8.51737014,10.79460166,13.49994934,18.03566085,23.37069683,23.89718481,29.57876943,34.66449879,35.8018906,62.23697139,59.7996368,67.65938452,76.33051674,89.0242515,100,106.7963321,117.4692525,126.6104301,148.3584522,174.1345158,195.1021887,208.6133136,212.3627468,252.4244764,256.9065822,292.9848271,334.0671375,359.7978871,399.0715593
El Salvador,SLV,,,,,,,,,,,,,,,,,,,,,,,,,,,,,,,38.49106906,41.3472597,42.76130416,46.43590435,50.98853994,56.56109484,60.28378695,62.32367478,64.96002554,65.60579651,67.75283259,69.99791189,71.05532346,73.16259087,75.15091113,78.35590148,81.74469933,85.32753172,88.33991454,88.29063002,90.6264492,95.98154545,98.42668446,99.00040517,100.0020803,101.3107413,101.9702833,102.9772437,104.7243128,105.7300208,105.9456484
San Marino,SMR,,,,,,,,,,,,,,,,,,,,,,,,,,,,,,,,,,,,,,84.38113949,85.92321755,87.2590109,89.49958983,91.91919192,94.11309063,96.42058166,98.35948645,100,102.0120724,100,102.8319698,103.8596491,105.3452116,105.5060729,108.7979094,110.9745391,111.4058355,110.5784241,112.0344161,113.9875747,116.2823498,116.9910821,116.9910821
Somalia,SOM,,,,,,,,,,,,,,,,,,,,,,,,,,,,,,,,,,,,,,,,,,,,,,,,,,,,,,100,99.48625274,98.22563977,98.99753369,104.8568686,106.8037846,108.6701636,110.0958164
Serbia,SRB,,,,,,,,,,,,,,,,,,,,,,,,,,,,,,,,,,,,2.582143054,4.77780848,5.774398708,7.18415759,9.1882429,16.6300449,31.06928261,37.13065881,41.76729102,45.16020208,51.78429876,58.18263332,63.24561538,68.9916091,74.43345535,78.69770456,85.70895998,91.02234892,95.68764778,98.1615399,100,101.5498888,104.566726,106.6318588,109.2343164,111.9105372
Sub-Saharan Africa (excluding high income),SSA,,,,,,,,,,,,,,,,,,,,,,,,,,,,,,,,,,,,,,,,,,,,,,,,,,,,,,,,,,,,,
South Sudan,SSD,,,,,,,,,,,,,,,,,,,,,,,,,,,,,,,,,,,,,,,,,,,,,,,,,113.4154956,99.99920289,112.9255023,156.7782499,229.6909612,313.5560891,229.835721,270.492125,,,,,
Sub-Saharan Africa,SSF,,,,,,,,,,,,,,,,,,,,,,,,,,,,,,,,,,,,,,,,,,,,,,,,,,,,,,,,,,,,,
Small states,SST,,,,,,,,,,,,,,,,,,,,,,,,,,,,,,,,,,,,,,,,,,,,,,,,,,,,,,,,,,,,,
Sao Tome and Principe,STP,,,,,,,,,,,,,,,,,,,,,,,,,,,,,,,,,,,,,,,,,,35.94340519,40.46720272,46.81042814,53.60441107,63.55325105,71.85701711,79.05299308,100,107.5702124,120.9931724,130.4051892,148.1520334,164.0347808,177.4846988,186.3698289,195.8995388,201.7099138,205.1708491,219.4881572,231.5028262
Suriname,SUR,,,,,,,,,,,,,,,,,,,,,,,,,,,,,,,0.060282311,0.080376415,0.108426918,0.265585035,1.429547905,4.856628841,4.917973425,4.991433183,5.866306177,10.12701528,16.27845008,22.71335854,29.59128302,35.89954629,40.50830414,46.80321843,52.86374637,56.26034847,64.99259773,69.20647355,74.18695492,84.45772847,93.52443504,93.88335018,95.37016874,100,124.0722949,158.989063,167.9923389,175.4220761,254.1280148
Slovak Republic,SVK,,,,,,,,,,,,,,,,,,,,,,,,,,,,,,,,,37.63857924,43.50188376,49.3522297,54.23369306,56.69506714,59.41006193,62.29342004,66.7879246,73.12578474,76.87091229,79.89795356,84.15274476,88.98204282,91.24494861,93.89020757,94.93759372,97.65098046,96.51703638,97.0311646,98.65786993,99.90107375,100.4099112,100.2168725,100,99.48781508,100.6972824,102.7458242,105.3077787,107.8021187
Slovenia,SVN,,,,,,,,,,,,,,,,,,,,,,,,,,,,,,,,,,,,44.35420568,49.43385182,53.6015376,57.58307662,61.34406893,64.75803056,70.37593117,75.71161367,79.98209018,82.67024192,83.92730507,85.79140679,89.37532953,93.3664902,96.54065292,95.54694272,96.54064526,97.00311768,98.55551283,99.00495713,100,100.8741154,102.3509771,104.5175306,106.8165023,108.1258758
Sweden,SWE,,,,,,,,,,,,,,,,,,,,,,,,,,,,,,,62.09907991,67.22025995,67.90277497,69.40496843,71.20119838,73.91495473,74.66079995,75.79976386,76.41598538,77.10209748,78.2630781,80.20675962,81.44807103,82.83288325,83.10873489,83.67917916,85.14976851,87.55601006,90.38865299,92.52083553,93.39753097,94.41403178,95.35951469,96.24387472,97.92287923,100,101.5256099,103.6933358,106.1787825,108.8830239,110.7505092
Eswatini,SWZ,,,,,,,,,,,,,,,,,,,,,,,,,,,,,,,15.96105663,17.36207835,19.30459111,22.66161307,25.14768873,29.33462315,31.58821601,35.17184895,37.77642214,39.80503832,49.89280598,54.3545297,59.20019703,62.7554623,65.18490689,69.45896593,72.26591523,75.88954349,83.8014656,91.98880535,94.92984886,100,108.7483735,115.8529028,124.1326038,131.015837,140.5037145,143.9855791,148.0352853,151.7203599,155.6980377
Sint Maarten (Dutch part),SXM,,,,,,,,,,,,,,,,,,,,,,,,,,,,,,,,,,,,,,,,,,,,,,,,,,98.59297568,99.70585151,100,103.8730944,106.3854512,127.4952811,127.7849194,128.2262285,128.358378,136.7199429,136.7199429,136.7199429
Seychelles,SYC,,,,,,,,,,,,,,,,,,,,,,,,,,,,,,,57.2943739,56.12376104,58.75010656,61.16004587,61.74786839,61.26701431,60.32816524,60.98197532,63.64435915,64.95328908,67.54085094,71.69917827,74.28978805,78.70767666,98.12810337,98.57816317,100,111.7998386,150.8907951,192.3769808,184.27267,192.5580038,209.2308135,217.6767063,222.6613407,227.3143171,225.2496594,236.055184,239.4321872,244.1101159,229.7460403
Syrian Arab Republic,SYR,,,,,,,,,,,,,,,,,,,,,,,,,,,,,,,52.55686047,56.68004999,59.84389669,62.76661266,71.61022945,75.48545486,83.16314063,85.45605008,84.84272126,91.15688352,100,106.5541184,106.9740741,105.44366,116.3321638,130.2343797,142.0811582,157.3819696,182.4845921,177.4111134,189.6511764,211.6015511,267.1390344,352.0096236,482.5861292,653.1272516,894.5441236,1225.201968,1391.890805,1665.694385,1665.694385
Turks and Caicos Islands,TCA,,,,,,,,,,,,,,,,,,,,,,,,,,,,,,,,,,,,,,,,,,,,,,,,,,,,99.24948584,100,102.624672,105.2690837,105.9250918,108.2389176,109.9186483,113.32378,115.736805,122.056252
Chad,TCD,,,,,,,,,,,,,,,,,,,,,,,,,,,,,,,38.3831357,39.56284098,34.45664161,34.00367332,48.81056054,53.12205948,59.20902673,61.44877719,65.59620638,60.62869338,63.83583295,72.64367951,74.02958975,74.0880766,81.3,100,109.9844279,113.6160414,123.4424881,111.6429237,118.7782408,128.9698877,130.3850043,124.9852822,125.7924188,115.1252,113.512481,113.5445504,119.238421,122.643911,116.411801
East Asia & Pacific (IDA & IBRD countries),TEA,,,,,,,,,,,,,,,,,,,,,,,,,,,,,,,,,,,,,,,,,,,,,,,,,,,,,,,,,,,,,
Europe & Central Asia (IDA & IBRD countries),TEC,,,,,,,,,,,,,,,,,,,,,,,,,,,,,,,,,,,,,,,,,,,,,,,,,,,,,,,,,,,,,
Togo,TGO,,,,,,,,,,,,,,,,,,,,,,,,,,,,,,,27.29960843,28.02880631,28.93846289,26.56644263,36.08848831,40.08861228,42.24855776,43.10875299,47.22849808,47.75515591,52.55428964,53.41305484,56.09858609,54.47559397,53.43626013,56.57625907,56.28841987,59.08522851,66.04320913,67.08976866,67.51561916,68.24271364,69.40936746,70.60172312,70.54227,72.99687704,100,99.56539038,100.8954673,102.4543957,103.7680232
Thailand,THA,,,,,,,,,,,,,,,,,,,,,,,,,,,,,,,63.88914387,67.56054872,70.59432417,75.17635804,78.68917149,83.20611576,86.61601964,90.4454597,97.73871969,95.22003884,96.48746513,98.33764339,100,102.149549,105.7955314,111.1821703,116.8571454,119.7474173,125.8949867,126.1401951,131.2879628,136.2022001,138.8024968,141.2714405,143.3078194,144.3426646,148.1477792,150.9625055,153.1246638,154.5735678,152.9254124
Tajikistan,TJK,,,,,,,,,,,,,,,,,,,,,,,,,,,,,,,0.001553896,0.003102097,0.020908582,0.273319289,0.992180391,3.914456891,20.76277759,34.31073916,64.46176376,81.54486844,100,130.9477063,155.5916752,197.735966,232.2044661,254.2971529,307.8583353,391.7127982,502.0327834,562.9102903,633.0583003,717.4092392,802.5550666,831.711968,871.356861,931.3559915,936.3982608,1028.216475,1053.841965,1092.398717,1117.630331
Turkmenistan,TKM,,,,,,,,,,,,,,,,,,,,,,,,,,,,,,,2.85E-05,5.77E-05,0.001846183,0.022781719,0.239733657,1.931578382,24.61387855,39.82526635,46.84120519,57.61716702,63.26139654,72.52571545,78.58516307,88.12194366,93.43454962,100,112.2499593,122.6547949,195.9292423,215.0539272,220.0132603,248.3013649,268.8360965,271.9342869,273.7540194,259.6466596,247.0132843,243.2032459,246.1481355,256.9280839,256.9280839
Latin America & the Caribbean (IDA & IBRD countries),TLA,,,,,,,,,,,,,,,,,,,,,,,,,,,,,,,,,,,,,,,,,,,,,,,,,,,,,,,,,,,,,
Timor-Leste,TLS,,,,,,,,,,,,,,,,,,,,,,,,,,,,,,,,,,,,,,,,,44.08351138,49.27995784,51.94116693,55.46735095,49.65069373,50.5640614,51.76927908,56.15796787,60.23265391,61.29555927,68.01607498,75.88242925,80.56074088,94.00060273,93.28011372,99.99999373,100.135393,101.1169741,99.81713886,107.9695579,90.86022879
Middle East & North Africa (IDA & IBRD countries),TMN,,,,,,,,,,,,,,,,,,,,,,,,,,,,,,,,,,,,,,,,,,,,,,,,,,,,,,,,,,,,,
Tonga,TON,,,,,,,,,,,,,,,,,,,,,,,,,,,,,,,26.95126065,29.50120101,31.69830429,31.71915248,40.33797574,38.53999961,39.01885872,38.27055212,39.28872123,41.80369894,44.13139542,44.90738477,48.13598089,52.4407514,57.10336021,61.36011236,71.09380156,72.20217056,75.48325536,79.2380866,85.37159689,85.77873588,89.37635545,87.25681724,87.26709305,91.87773523,94.68456075,100,105.1496628,113.2068376,109.11167
South Asia (IDA & IBRD),TSA,,,,,,,,,,,,,,,,,,,,,,,,,,,,,,,,,,,,,,,,,,,,,,,,,,,,,,,,,,,,,
Sub-Saharan Africa (IDA & IBRD countries),TSS,,,,,,,,,,,,,,,,,,,,,,,,,,,,,,,,,,,,,,,,,,,,,,,,,,,,,,,,,,,,,
Trinidad and Tobago,TTO,,,,,,,,,,,,,,,,,,,,,,,,,,,,,,,40.90893289,41.55218155,38.6789075,42.08720968,47.67125752,49.65880948,50.57727061,48.78503082,47.87934458,49.93967983,55.95399192,57.51731715,54.53071037,60.24474436,65.59702282,74.33548148,75.62090004,85.263964,105.5504105,76.38494059,86.11129183,99.6563425,100,103.7441331,105.4819502,93.47854173,92.87629475,97.31889216,102.746626,101.722896,102.6373611
Tunisia,TUN,,,,,,,,,,,,,,,,,,,,,,,,,,,,,,,36.07225105,38.61058396,40.80812268,42.72257183,44.65622003,47.04581697,49.09541286,51.03570194,52.70542469,54.47707481,56.26587283,58.46788152,59.80375733,61.40934239,63.46754378,66.11784432,68.65268773,70.11257101,74.5579353,76.81185524,79.74211802,83.06264506,87.18859549,91.36749688,95.98794263,100,104.9350338,109.8746833,118.391978,127.1086511,133.5502118
Turkey,TUR,,,,,,,,,,,,,,,,,,,,,,,,,,,,,,,0.106260387,0.169128396,0.27939916,0.470450709,0.963243767,1.791706058,3.175324405,5.761780536,10.12225914,15.61661718,23.32510064,35.68268313,49.09038739,60.52318565,68.04471125,72.86596219,79.69802518,84.63911003,94.83486722,100,107.0092836,115.7849513,124.37929,132.1904458,141.9586835,153.0952243,165.5425979,183.723184,213.9930821,243.6511244,279.7758416
Tuvalu,TUV,,,,,,,,,,,,,,,,,,,,,,,,,,,,,,,53.80668621,55.23067524,59.28726571,60.79688868,57.96148097,60.94527873,68.68099309,67.78471386,69.64221414,73.90528813,83.38452013,88.31559928,91.24425294,93.30016496,98.52464698,100,104.1252996,103.9884114,107.6524072,108.3941606,111.25934,111.9439134,112.8492868,115.2318018,121.0688658,126.6751575,127.9422174,132.5,139.0243902,151.1111111,151.1111111
Tanzania,TZA,,,,,,,,,,,,,,,,,,,,,,,,,,,,,,,4.409504008,5.649130424,7.082624448,8.815175073,11.56286111,14.66887124,17.50196655,21.10513703,24.1067336,26.88865066,29.09381693,30.49496619,32.70067645,35.45364263,37.89484684,40.33004645,42.55227044,46.42426728,54.02891259,58.91402449,64.46886069,72.33304494,79.9163647,87.64122722,92.94426282,100.0000001,107.4720338,110.3777914,113.662123,116.4638365,116.8641377
Uganda,UGA,,,,,,,,,,,,,,,,,,,,,,,,,,,,,,,11.04697532,13.92132503,20.19539184,26.28165112,28.08154935,30.71459831,32.11901757,33.11318741,36.02241499,35.98166263,39.98185413,41.79482163,40.47011121,43.62950793,50.43027928,49.55219468,50.74423229,54.45934303,57.92528623,66.36301395,70.10430294,76.68825756,79.6311354,82.48742924,86.69949088,91.19733896,95.55748401,100,104.4433853,107.5766992,110.5043823
Ukraine,UKR,,,,,,,,,,,,,,,,,,,,,,,,,,,,,,,4.04E-05,7.93E-05,0.00148115,0.050856534,0.535517243,2.762250857,4.58935996,5.418831492,6.069742494,7.732847489,9.859489739,10.86524799,11.43608001,12.36976044,14.26366184,17.70064215,20.32962923,24.97339308,32.22070032,36.29015189,41.25218717,47.10253468,50.8625233,53.05408436,61.4906056,85.39918595,100,122.0983175,140.899664,152.5185691,167.4485875
Upper middle income,UMC,,,,,,,,,,,,,,,,,,,,,,,,,,,,,,,,,,,,,,,,,,,,,,,,,,,,,,,,,,,,,
Uruguay,URY,,,,,,,,,,,,,,,,,,,,,,,,,,,,,,,1.522315621,3.056934103,4.879588959,7.214566398,10.02515819,14.14031789,17.87784963,21.32482158,23.96566733,25.00244515,25.88735882,27.13684282,30.56050198,35.61570872,39.21469604,39.48052005,42.05991454,46.02089584,49.71339917,53.5649657,56.1934121,61.2562562,66.498292,71.92038306,78.66093855,85.75322952,100,104.9866419,112.4426785,122.0261308,135.2881576
United States,USA,,,,,,,,,,,,,,,,,,,,,,,,,,,,,,,60.81836633,62.87509846,64.30796557,65.83228275,67.23808092,68.64799672,69.90491949,71.15493559,71.9557989,72.99469926,74.62647708,76.26335314,77.46965865,78.90834397,81.03272397,83.5568466,86.08544777,88.397943,90.11739942,90.8044094,91.86250827,93.78142768,95.58001386,97.25736261,99.05645602,100,101.0492474,102.9490418,105.4208289,107.3027504,108.5555253
Uzbekistan,UZB,,,,,,,,,,,,,,,,,,,,,,,,,,,,,,,8.30E-05,0.00015838,0.001286284,0.015163785,0.202981709,0.955930087,1.735541304,2.882509663,4.006629501,5.774168661,8.504924028,12.35250712,17.97081368,22.78073488,26.40703474,32.06629112,39.59090552,48.26016566,61.18982896,71.75215114,100,121.6265099,140.3555265,157.1811947,179.2257278,198.0456829,215.7318922,256.8543058,326.1609472,384.5763865,430.3440596
St. Vincent and the Grenadines,VCT,,,,,,,,,,,,,,,,,,,,,,,,,,,,,,,69.75012091,75.35209725,78.8253088,76.02277644,77.86379714,78.88498521,81.69744325,82.80758071,85.46652998,87.01971459,86.83136256,92.64865469,93.59305345,90.65871268,94.29731827,97.07654643,100,108.4093509,108.4312163,107.4900756,112.2557217,111.8871047,113.1080346,115.598694,115.2460555,118.0585784,118.7775506,120.2969629,120.5962343,121.9872953,123.4040867
"Venezuela, RB",VEN,,,,,,,,,,,,,,,,,,,,,,,,,,,,,,,6.833994814,8.299860488,10.64407826,14.01248455,22.82503201,34.63924617,74.6561376,100,118.8902867,150.0308748,194.219206,209.7507295,279.016453,376.4873792,504.318866,653.6177225,770.643502,889.696192,1157.783478,1248.457217,1822.03927,2334.928584,2663.206235,3608.71568,5068.097987,,,,,,
British Virgin Islands,VGB,,,,,,,,,,,,,,,,,,,,,,,,,,,,,,,,,,,,,,,,,,,,,,,,,,,,,,,,,,,,,
Virgin Islands (U.S.),VIR,,,,,,,,,,,,,,,,,,,,,,,,,,,,,,,,,,,,,,,,,,,68.00083385,72.0594391,76.9402229,86.7045232,84.82784714,87.01345944,76.262354,80.81954598,82.69267546,87.97916667,100,97.54697286,94.7130712,97.7321238,99.73739496,100.3703704,101.5625,103.6433121,103.6433121
Vietnam,VNM,,,,,,,,,,,,,,,,,,,,,,,,,,,,,,,7.651717561,13.20276201,17.51071558,20.56020226,24.04563272,28.14305553,30.59059153,32.60877667,35.49069605,37.525982,38.80517805,39.82275257,41.69399511,44.65827241,48.42444392,57.53333342,62.46333483,68.4786949,84.0050859,89.22652547,100,121.2606593,134.5096399,140.9131796,146.0739611,145.7952693,147.4145433,153.4375893,158.6515597,161.4891993,163.5780423
Vanuatu,VUT,,,,,,,,,,,,,,,,,,,,,,,,,,,,,,,60.47806593,66.68786214,68.54590672,69.95977563,71.5760564,72.81570991,74.33405927,76.69566927,82.95181171,85.50559854,87.36874037,90.53577468,93.13815421,93.88208849,95.86945795,96.2716705,100,105.7769601,113.3532787,116.249196,117.9579318,121.2475805,120.6849697,124.307735,126.050844,133.435516,135.5398746,142.8096263,147.3906684,150.918432,153.635732
World,WLD,,,,,,,,,,,,,,,,,,,,,,,,,,,,,,,,,,,,,,,,,,,,,,,,,,,,,,,,,,,,,
Samoa,WSM,,,,,,,,,,,,,,,,,,,,,,,,,,,,,,,27.60769,29.29489822,31.80429157,32.0125241,53.85401285,50.09744622,52.39694288,58.5988602,60.59921506,62.10318052,63.89918904,65.44987612,67.04289152,68.7978266,73.62410701,74.25439106,81.1327876,81.02108549,87.99052478,90.135595,94.56217231,94.98571745,98.44694705,99.35057881,99.1999221,103.3558304,104.5732974,104.4873077,105.6949479,107.1596454,107.3900465
Kosovo,XKX,,,,,,,,,,,,,,,,,,,,,,,,,,,,,,,,,,,,,,,,,,,,,,,,102.2181254,100,97.16684254,103.3781636,109.8948027,113.7690381,114.1706692,115.9990433,116.7040895,117.6135316,118.1310145,119.9017045,121.0562754,122.728192
"Yemen, Rep.",YEM,,,,,,,,,,,,,,,,,,,,,,,,,,,,,,,99.99670262,111.9925195,126.7438889,147.4993514,178.1561542,259.6507344,355.1245377,402.2940045,368.7522268,492.1462208,608.0566675,624.2014414,678.149402,751.9335239,857.9979766,1016.615036,1155.200953,1281.060445,1542.111692,1407.866705,1740.352617,2055.592507,2176.734217,2377.19111,2547.473899,3731.444269,3736.459735,4429.706264,5087.679991,,
South Africa,ZAF,,,,,,,,,,,,,,,,,,,,,,,,,,,,,,,13.87832451,16.05054657,18.38875272,20.77590029,22.81447049,25.28717569,27.31573517,29.5385348,31.92398959,34.12318027,37.256436,40.16261496,45.19818672,48.08895589,50.99457312,53.84874436,57.11447525,61.82400052,66.67738965,72.45367981,76.89395462,81.15315416,84.95534692,89.92023204,94.74584282,100.0000002,106.9521721,112.8060089,117.269149,122.5456142,129.0077259
Zambia,ZMB,,,,,,,,,,,,,,,,,,,,,,,,,,,,,,,0.281665341,0.542641175,1.440896568,3.510864681,6.345614017,8.28807784,10.30616343,12.92419084,15.10926735,17.81743325,23.62838786,29.61375586,35.35613654,41.58154736,49.78010754,58.06859455,66.51307629,75.13996245,83.13503841,87.75708522,100,111.1123073,118.8812979,130.4498866,137.5408581,146.7001056,166.581615,183.3992448,196.99201,212.0293369,241.1695934
Zimbabwe,ZWE,,,,,,,,,,,,,,,,,,,,,,,,,,,,,,,89.19297737,83.14810166,71.39955898,68.69271447,66.01667122,68.02261306,74.13402536,71.99967109,52.52473257,56.73028984,57.08649934,57.01177871,58.55847993,63.71237312,68.56185591,72.08360494,70.62918939,71.26124072,72.2227134,90.04387036,93.73423278,96.12743249,100,109.3706029,109.0948348,109.7579284,112.1297892,114.8630735,183.5550457,992.72037,6537.659504